product_id,avg_price,purchase_count
aca2eb7d00ea1a7b8ebd4e68314663af,71.36,527
99a4788cb24856965c36a24e339b6058,88.17,488
422879e10f46682990de24d770e7f83d,54.91,484
389d119b48cf3043d311335e499d9c6b,54.7,392
368c6c730842d78016ad823897a372db,54.27,388
53759a2ecddad2bb87a079a1f1519f73,54.66,373
d1c427060a0f73f6b889a5c7c61f2ac4,137.65,343
53b36df67ebb7c41585e8d54d6772e08,116.67,323
154e7e31ebfa092203795c972e5804a6,22.51,281
3dd2a17168ec895c781a9191c1e95ad7,149.94,274
2b4609f8948be18874494203496bc318,87.37,260
7c1bd920dbdf22470b68bde975dd3ccf,60.03,231
a62e25e09e05e6faf31d90c6ec1aa3d1,106.42,226
5a848e4ab52fd5445cdc07aab1c40e48,122.99,197
bb50f2e236e5eea0100680137654686c,327.62,195
e0d64dcfaa3b6db5c54ca298ae101d05,163.85,194
42a2c92a0979a949ca4ea89ec5c7b934,59.4,183
e53e557d5a159f5aa2c5e995dfdf244b,84.37,183
b532349fe46b38fbc7bb3914c1bdae07,36.46,169
35afc973633aaeb6b877ff57b2793310,87.79,165
a92930c327948861c015c919a0bcb4a8,77.97,160
6cdd53843498f92890544667809f1595,350.83,156
19c91ef95d509ea33eda93495c4d3481,121.09,156
437c05a395e9e47f9762e677a7068ce7,50.05,155
f1c7f353075ce59d8a6f3cf58f419c9c,194.79,154
3fbc0ef745950c7932d5f2a446189725,65.75,150
c4baedd846ed09b85f78a781b522f126,100.6,149
461f43be3bdf8844e65b62d9ac2c7a5a,141.05,146
7a10781637204d8d10485c71a6108a2e,213.06,143
06edb72f1e0c64b14c5b79353f7abea3,40.78,143
0aabfb375647d9738ad0f7b4ea3653b1,24.06,142
656e0eca68dcecf6a31b8ececfabe3e8,88.49,141
8c591ab0ca519558779df02023177f44,102.78,141
d017a2151d543a9885604dc62a3d9dcc,49,140
2028bf1b01cafb2d2b1901fca4083222,55.62,138
e0cf79767c5b016251fe139915c59a26,29.9,137
ec2d43cc59763ec91694573b31f1c29a,45.89,131
36f60d45225e60c7da4558b070ce4b60,88.51,127
b0961721fd839e9982420e807758a2a6,57.75,127
4c2394abfbac7ff59ec7a420918562fa,84.99,123
d285360f29ac7fd97640bf0baef03de0,257.1,123
c6dd917a0be2a704582055949915ab32,98.9,120
89321f94e35fc6d7903d36f74e351d40,28.37,119
601a360bd2a916ecef0e88de72a6531a,127.39,119
52c80cedd4e90108bf4fa6a206ef6b03,173.69,118
6f3b5b605d91b7439c5e3f5a8dffeea7,162.47,117
0bcc3eeca39e1064258aa1e932269894,54.09,115
54d9ac713e253fa1fae9c8003b011c2a,32.07,114
08574b074924071f4e201e151b152b4e,95.22,113
84f456958365164420cfc80fbe4c7fab,92.84,111
165f86fe8b799a708a20ee4ba125c289,163.49,109
4fe644d766c7566dbc46fb851363cb3b,100.97,107
7ce94ab189134e2d3c05f496d635419c,13.65,106
595fac2a385ac33a80bd5114aec74eb8,119.22,106
0a57f7d2c983bcf8188589a5fea4a8da,114.49,104
d5991653e037ccb7af6ed7d94246b249,146.72,103
78efe838c04bbc568be034082200ac20,95.51,101
880be32f4db1d9f6e2bec38fb6ac23ab,43.97,99
6c3effec7c8ddba466d4f03f982c7aa3,24.58,97
9ecadb84c81da840dbf3564378b586e9,36.16,97
29427de7f8a9ee983d9dbc51cec569b4,99.25,97
617186c3d97ea56c9c683a8a3974e8c1,83.41,95
eb8c629f70275fd1c4f809116cce1efc,36.56,95
777d2e438a1b645f3aec9bd57e92672c,69.87,94
c6336fa91fbd87c359e44f5dca5a90ed,43.74,94
75d6b6963340c6063f7f4cfcccfe6a30,56.86,93
cd48f265a63e13b762601f5f794c5fca,49.27,93
e7cc48a9daff5436f63d3aad9426f28b,174.37,93
43423cdffde7fda63d0414ed38c11a73,62.15,93
8c292ca193d326152e335d77176746f0,153.68,92
3f14d740544f37ece8a9e7bc8349797e,84.96,91
b5e13c9a353102f79c6206ff5cb61a50,85.83,91
ee406bf28024d97771c4b1e8b7e8e219,143.49,90
4fcb3d9a5f4871e8362dfedbdb02b064,144.04,89
ee0c1cf2fbeae95205b4aa506f1469f0,51.66,89
2136c70bbe723d338fab53da3c03e6dc,29,89
cac9e5692471a0700418aa3400b9b2b1,112.44,89
dbb67791e405873b259e4656bf971246,79.27,88
473795a355d29305c3ea6b156833adf5,55.74,88
4298b7e67dc399c200662b569563a2b2,141.81,88
7fb04722aba7a2b632bac8f9819796f3,82.59,87
363218ba55c610b750224f90bdd34be1,80.5,86
fb55982be901439613a95940feefd9ee,80.79,84
e44f675b60b3a3a2453ec36421e06f0f,106.54,84
a50acd33ba7a8da8e9db65094fa990a4,117.3,84
d04857e7b4b708ee8b8b9921163edba3,70.59,84
bee2e070c39f3dd2f6883a17a5f0da45,171,80
c9c6fde711572c1ad99ca12728c6af00,30.75,79
5411e9269501a870cabf632f05655131,118.87,77
64fb265487de2238627ce43fe8a67efc,91.28,75
18b0e642cbae7251e60a64aa07dd9eb9,25.83,74
629e019a6f298a83aeecc7877964f935,111.45,74
362b773250263786dd58670d2df42c3b,51.82,73
5a6e53c3b4e8684b13388d6aa4afdf12,16.31,73
7e0dc102074f8285580c9777f79c90cf,35.87,72
634256dbcd184b3757ffd7632c9fe52a,25.46,72
3354a4e684f5e7199f9407db70ccd92b,90.41,72
d3c044bd42d84a79e3b0c42662806a48,28.04,72
0d85c435fd60b277ffb9e9b0f88f927a,70.55,72
2948658cb6abc82847412be7201bfc4c,114.08,71
93c902b021a9e594f658ab1b0351602a,100.18,71
cec09725da5ed01471d9a505e7389d37,69.48,71
8ed094bfe076c568f6bb10feada3f75d,184.96,70
2a2d22ae30e026f1893083c8405ca522,142.15,70
ab1f9387c0627dd24000bfbc54fdeee0,12.9,69
97017430754804328eb9597b7f85da03,28.83,69
bd6e6fce9ada76ea2db0f1912e8e478f,56.99,69
89b121bee266dcd25688a1ba72eefb61,79.9,68
dab2413ead0edda9967edbc9bda2a64e,29.98,68
1613b819ab5dae53aead2dbb4ebdb378,28.16,68
b623b7cb05ee3248fbe4a6ecbeed79a4,73.13,66
11875b30b49585209e608f40e8082e65,65.6,66
bbaef2eadf31fe3ea6702077398be06c,56.99,65
f71973c922ccaab05514a36a8bc741b8,102.89,65
24c66f106f642621e524291a895c9032,181.9,65
5d66715cc928aadd0074f61332698593,19.77,64
0152f69b6cf919bcdaf117aa8c43e5a2,15.34,64
f7a17d2c51d9df89a4f1711c4ac17f33,52.03,63
41c24b8ce92d1a2cac62db5edfd088b2,108.89,63
5f504b3a1c75b73d6151be81eb05bdc9,598.95,63
ea44caac707f7f1325182a538007f838,50.76,63
44a34214a57dc373dcd80f54c919d006,29.5,63
25f86162fee18735fffdb762dcb10d7c,153.61,62
7814c273ab16783d73a9863ebfa8b141,238.26,62
e59dd207c69d86e890febadc796d1078,145.86,62
6a8631b72a2f8729b91514db87e771c0,26.64,62
fbce4c4cb307679d89a3bf3d3bb353b9,142,60
a19b6951c75da43aad691622dd2f6abe,35.45,60
928e52a9ad53a294fdcc91bcf59d1751,135.83,60
06c6e01186af8b98ee1fc9e01f9471e9,37.73,60
8c5876b1c7768217964f353bc7e64393,49.06,59
19421075ae0b585f2dc13ff149e2119d,47.26,59
3eef0cb94ba82de806bb30ab743c7655,80.33,59
a9516a079e37a9c9c36b9b78b10169e8,119.36,59
781afe929e3016a667f5f439afd55fce,108.76,59
e9a69340883a438c3f91739d14d3a56d,166.66,58
fbc1488c1a1e72ba175f53ab29a248e8,118.49,58
c3ba4e8d3cb30049213b682e751e9d00,94.93,58
f35927953ed82e19d06ad3aac2f06353,114.74,58
2fea0f2cec6b6324a277d4a61c2ed2c6,55.16,58
fc1d8637c0268af3db482c14b7ef8e75,149.2,57
aba86c093ccdbac75b09111d57e50004,119.64,57
764292b2b0f73f77a0272be03fdd45f3,91.3,57
d696750e550fd0f733979dd7e5dff921,172.94,57
f71f42e2381752836563b70beb542f80,32.04,56
f4f67ccaece962d013a4e1d7dc3a61f7,234.64,56
054515fd15bc1a2029f10de97ffa9120,42.43,56
a02d0123079f4ae96001ba2010d1a2df,241.96,56
30ac6df06dc59ad72cf2f158fc2d904c,113.85,55
d63c1011f49d98b976c352955b1c4bea,59.26,55
f40876e0ef3cd5f9132b1f16b04b1346,108.45,55
ed2067a9c1f79553088a3c67b99a9f97,57.95,55
386486367c1f9d4f587a8864ccb6902b,111.42,55
af51d485dc5255ba2e18b21b550156e6,263.33,55
2a5806f10d0f00e5ad032dd2e3c8806e,171.3,55
b114bf337c0626166abe574eee9e3f32,154.59,54
73326828aa5efe1ba096223de496f596,82.61,54
9545d45c37449ccbc376de3a04c66e71,126.39,53
431d674f9a4fbd0957ecf6ba3fcb6899,279.59,53
4520766ec412348b8d4caa5e8a18c464,40.89,53
c857b96593773e940454e76efa8eabb3,53.93,53
afeeea6271148ee1bb15173b8187c431,204.79,53
e03102efbc2229024c89be731f0aedcb,36.79,53
4ae634441e444ca4bc85903cafe98d73,15.48,52
ddceb6eef6af67e9fbbd4c148dbe5fd9,212.4,52
22c5ddc22ea8cae84fc9917def682dc6,57.11,52
c7fd13b5e515bffdab855d0812842edb,68.84,52
d2f5484cbffe4ca766301b21ab9246dd,12.88,52
2ffdf10e724b958c0f7ea69e97d32f64,209.93,52
4413a608a42bd21bbf9d5abbd58c249a,158.62,51
88dd63919fc9ab693803578a04a20209,36.07,50
a35a9f46dcee0a67c8c7ad8493eb4135,27.91,50
703d742887bb9267f89b675608ba7aa0,56.1,50
f264c1d9b20b5e4a340254d0405e613b,71.07,50
4b96786612ebe7463132fce2c4dca136,124.34,49
72172e982e8b92155069e4201c92c0bb,32.35,49
11fd9d7ba552e1d28872e008acf1e050,136.74,49
130482add9fd75ccb6c57ba007694a2d,105,49
5b226d7c52f86ac72457617f78cff95d,60.28,49
b1d207586fca400a2370d50a9ba1da98,149,48
c1f5307decb89342351bec53668cffd9,29.89,48
7fab1a1472fdd934397068931f63f3ca,70.66,48
f1fe595ee7ef768b41bd9b246d13432d,99.9,48
bb42f37fc3d9130e4a4339d24a47dd7c,44.9,48
e251ebd2858be1aa7d9b2087a6992580,116.5,48
8aa6223e400af9c97b07c75993142721,175.74,48
db5efde3ad0cc579b130d71c4b2db522,196.37,48
4aa6014eceb682077f9dc4bffebc05b0,291.19,47
aa280035c50ba62c746480a59045eec4,35.53,47
569ffd16f8032478cbeb9800f2e94ba0,16.9,47
fe01b643060a6446e59f58e3021e66b3,140.4,46
bdc3291ab242ec1effc8eb0987850268,27.85,46
cc971e0365873137b8bef2ebad633e6f,232.82,46
1bfb290d7273a442c874dbe74b4abae6,77.24,46
8317b177579dd27ff068b83205e2169b,180.74,46
8562e2c780a345b609e1b802d7e3e4ae,79.9,46
962a6951154f98f2c8e9a5b8b2bcf4a9,75.21,46
62d8daeee0db3a60c234c2d1bfd10651,26.86,46
a59fb60fddcc72a9878b7ed5cb69d8e4,15.79,45
704ef63ad0ac345842ea734060a83db2,75.79,45
f819f0c84a64f02d3a5606ca95edd272,644.99,45
d2085f7e0f9533605386960fc7e987ec,12.82,45
036734b5a58d5d4f46b0616ddc047ced,35.81,45
7f72a8900b3d2fc8fa2635b7836d6e6e,73.9,45
35ebf08a93899d44e756809e11b14754,16.37,45
566a4f2c4385f36d15c00dfcaae132d1,21.9,45
583f158587cdecda3e8bdea694021e39,45.33,45
e9def91e99c8ecb7c5cef5e31506a056,72.21,45
3b0f7951038b105522c2d566b54421f7,32.63,45
d5b703c271f43f9c588a6f512a00f77e,34.81,44
63de2743d05ab59d85caa49e49459ac1,17.54,44
7564c1759c04fc0a38f2aa84f7a370ee,44.16,44
b1acb7e8152c90c9619897753a75c973,34.99,44
7340a3839a1de1e99d149b8cf052a2ec,69.77,44
3e5201fe0d1ba474d9b90152c83c706c,122.31,44
0a4093a4af429dc0a9334300e5c13ae5,29.9,44
5d6bea33648f018dbb563f3a2fab09f3,150.22,44
3db75f31b76375c502f64d550dcd1166,31.9,44
c6ea63369936552872ae890c82175b4b,200.04,44
173e9fe34bfe97f3a5e6dc57fe897b74,57.82,43
9ad75bd7267e5c724cb42c71ac56ca72,103.85,43
dd0dcee76f9c12fff4bc0eb641d57c7f,23.57,43
3cb39171fd36c50097f2dedbbe0dfe6e,29.62,43
57e089e3103f5cda6a4ce23b77399bdb,52.13,43
a4aa7c1427c31344e5f7cc3d839fe562,101.88,42
31a2f42a87890f87d77daebdfabc182e,146.46,42
f8b624d4e475bb8d1bddf1b65c6a64f6,179,42
82e4ad16521ca131d95e198d507db370,18.76,42
177d3d5bb9d4d29222a222e3b3554f41,113.92,42
349ce46a0e2e20054aa9d80c48af8816,150.47,42
2ff995aead9c63a1f37a07b3664ead37,74.16,42
727a46f0b58a9ef165af9f7ebcfebfa9,19.26,42
b8b426747049f2d3d6e00b486d47dedb,97.9,42
dbb4ce89c8ed5fb6fd901e2e51093179,86.28,42
e1da6ab77f4859eb17950e5df1c0f815,48.73,41
e67307ff0f15ade43fcb6e670be7a74c,18.87,41
a5341e3f8155dbb3e62323d3ea289729,88.94,41
c20a3f598c16d77249da67e81caa8317,33.54,41
73bcea88583002fe12b7399af4ae60da,134.13,41
7d50930301709838d8e90dcac5cfaa84,59.9,41
69455f41626a745aea9ee9164cb9eafd,162.26,41
d04bbac48960ecb7ea311b00ca6e1cb7,104.71,41
50fd2b788dc166edd20512370dac54df,21.82,40
aadff88486740e0b0ebe2be6c09476ae,29.9,40
7c4a8bec217df1de0df2b5aaf8175b65,17.8,40
1ec486885049bbb9b79351d150ed18c4,49.9,40
65266b2da20d04dbe00c5c2d3bb7859e,21.8,40
027cdd14a677a5834bc67a9789db5021,87.69,40
fe6a9515d655fa7936b8a7c841039f34,250.4,40
952670bc019a73f0933157ec82ff6e4f,202.2,40
bdb4be6ce2f7f2b5be0a16088028c7fc,85,40
921d31a1daa51460b7a95ea5f3ab64d5,89.89,40
a298a105818dce6878b787e4af6cff7d,79.9,40
9d8a0e115e802d845b4ce1eb794d1260,120,40
a6ad77b15e566298a4e8ee2011ab1255,29.64,40
6803077179d24889430188e03fafd31a,19.67,40
dc52f0f5d3ec37a93eaf956cde4e5d2c,49,39
f7f59e6186e10983a061ac7bdb3494d6,34.9,39
83b00325c13c44245b2c3a2befa62a0e,157.94,39
553e0e7590d3116a072507a3635d2877,46.48,39
53ea9da485f6aed8a6f03a85831fe021,257.15,39
dc404a1496a08f9f5540c8b5d4b92925,306.7,39
af2d506fb01b724e03591349ad36b67e,48.9,38
060c17562f97e5bb60bc0dfa4dd5b3f2,24.94,38
57f2bc497c1a3ebe41ba7a06d78ed159,54.97,38
1600dcf1cea8c0c83702e07b577ab231,43.71,38
c7b3cf9de7be95b3e09e7a63315685eb,82.41,38
25c38557cf793876c5abdd5931f922db,1023.88,38
e5ae72c62ebfa708624f5029d609b160,62.38,38
98d61056e0568ba048e5d78038790e77,167.22,38
c211ff3068fcd2f8898192976d8b3a32,24.9,38
08a58dc963320d6073623382b9ceb920,128.46,37
3225c54bb2785c33f49f50398fcdb88c,279.21,37
474bb6b54fc608ca71059a6c4f7ecda3,21.66,37
67bd616e1ba0d3d3e8545f3113b0140d,15.03,37
6109d0cae3bcb57d579bc0fab6e61814,82.33,37
10717ff440b2320081989126e858b220,139.19,37
87a71ae93900ab55fcf685c8040769b3,12.9,37
216bb0e0cd43ffd832e0973d35e0377e,45.43,37
593236d0ff46b4299b4787fb8d43f7f0,74.11,37
9bb8ca338e5588c361e34eae02e8fad6,63.68,37
ca5c923962558430573f83661dbe36d6,108.22,37
fb7a100ec8c7b34f60cec22b1a9a10e0,49.99,36
be837f2e0152a208d4386f4126d5bd7c,32.82,36
87283a98b24f9f1ac3a31b631073cf47,49.9,36
41db6d8062fcd38410c699743ccc0265,14.95,36
380b4664ba5bb18cc9db78ee6bac3558,30.11,36
e5eadf9be70a4a9fa514019542fc330a,69.9,36
186fe07c8b8005ec6a498587ffbc1352,29,36
909b87db6cb3a7ab26bd03cc59860136,39.97,36
a237de12bdf0bfe4fe220bae65a89731,38.67,36
94475071013412139f862c0bd7e3bb37,41.54,36
4cd6ba4ea3112de8fc238307c4dc6307,39.34,36
c92f0e7b9d49a9543558d6532772441b,141.24,36
dd6a505f83dd3c6326aa9856519e0978,49.79,36
1dec4c88c685d5a07bf01dcb0f8bf9f8,570.43,35
0cf41187284d7f099adc8415a743ebbd,35.9,35
c2ece64199af7a53793ed9612a89a8cd,83.08,35
6cc44821f36f3156c782da72dd634e47,100.19,35
f646af315b0f3a597f69213537ca2199,49.9,35
4ce9ab528124f89e091b17d11aa2e97c,54.76,35
e2e426d1332240070b0a836a854d057b,37.81,35
a39cc58c1b5926b6f9f378daa89f1315,150.28,35
16679d68bdbed3fb97af806424d7f2b7,27.71,35
d6160fb7873f184099d9bc95e30376af,1397.12,35
93a12c289ca2b78e7069e469f5053ef2,136.1,35
b192be433004cc1f10b467c0e9ea309b,186.94,35
cb81df0e3ccece253557f2a07df4727e,45.09,35
dfb97c88e066dc22165f31648efe1312,139,35
5328338cfaa16ba10561cd970c73ca11,200.11,35
a8075470f960215ffb67624782f80fec,104.85,34
55b71bf300a2765a382eaec566df531f,76.02,34
e282624d8c82e04983f125e167eb4521,18.67,34
5b3b5f9ae84ca9ead3138b199420cc94,138.2,34
44fded21627553d1886d459384bbce06,15,34
11dcc970f7a5581e1bf777b6da3f7096,69.49,34
ecbe1ef7e2903ff8b1d704ba78fa264d,96.81,34
7f4e034245e45549110139d1de248f83,48.9,34
a8fe47ad6f852f93cc92c7b408687de3,72.61,34
7b85e3deef35afd6ebed5461ee8f0641,30.78,34
810e2944bca9850b934e1570ba372e7d,78,34
b8a0d73b2a06e7910d9864dccdb0cda2,63.14,34
8b50a72d52d7a91fb19d19fbe069e2f2,46.46,34
fe077ec80df6b4ee60bb4498d5ab1962,136.27,33
05a9dadb8402b6b7ae3dd28f7da187b5,159,33
a0b7d5a992ccda646f2d34e418fff5a0,69.9,33
6bbe55cf8f85c87b6eebb775a53402f4,76.47,33
7d854ab97c64ef9df2bbfaf332765786,61.57,33
25e2023ed83352bde98dc1490d14c3d8,111.09,33
16ed6a6e3fce23b741650437fe58d65b,90.82,33
2b7aa376a6e728560bddb5558cc48e89,116.9,33
aa8d88eb4b9cb38894e33fa624c4287f,54.91,33
283dc451ad3918badb976d56ff887289,91.11,33
719d571299707561c34ba04ab867b32a,57.67,33
827c4a77226a3e7ef259d61eaa775df9,40.51,33
e4d325bd1eea550509bdbbc5c3301fc1,366.25,33
4cc8bfa581f41841ce5e24aba773a44a,59.08,33
72d3bf1d3a790f8874096fcf860e3eff,39,33
81288df52439985f610be64465e53f57,110.54,33
657247f6f60543b93e3cc708a8e6329c,257.43,32
6adab229374835b551f6402e0dc53267,49.24,32
a5f6ba3fe91a2e73f10b612131cb2404,46.88,32
044f05bc9de36e8a693a83e4bc79dd0d,24.99,32
66a0a6e02b7f543e5b021ce361f267d4,124.36,32
1a080577618e7fe4d9ddd8fb2b47a964,570.72,32
ee3d532c8a438679776d222e997606b3,99.99,32
bdcf6a834e8faa30dac3886c7a58e92e,37.62,32
b38b25d838ae0b8385e8cc68b9017644,160.28,32
ccadfeab525a9eb1569983b66e5075c4,84.94,32
500870614ddcf5bd84f7d26861026c8a,17.79,32
ce6f74096c84567f22728c84f3d6e7fc,111.78,32
f2e53dd1670f3c376518263b3f71424d,109.21,32
b0c8da302d49498d2ce6be8c631e4e20,59.78,32
34d6306314a47fe15c1efdbc23302020,69,32
76d1a1a9d21ab677a61c3ae34b1b352f,178.52,32
817e1c2d22418c36386406ccacfa53e8,163.69,32
99f265229d46f700208ad7cb1ff48aae,35.55,32
51f876eb62be778c757503cf7f8a3b74,10.14,32
086351823300e0339f6955b27998c186,116.27,32
23365beed316535b4105bd800c46670e,15.97,31
d6fe3b4ddecd4a8393c6a1385de3bfb6,198.72,31
44d097d59e8430f88a67517cd0c4f865,69,31
5bfc7506459ae2a7b4b573fe557a58e1,69.85,31
ab9cf155f8280c3739b09fe341a185e8,14.64,31
98a8c2fa16d7239c606640f5555768e4,112.42,31
abc3432ff825d8e524db1d4eac6d2099,39.98,31
9fe172fa8e662ca8572cf12abf8bce23,49.9,31
91b08d34d0ba4db44da2dc382867ba49,10.97,31
cd46a885543f0e169a49f1eb25c04e43,99.99,30
f731f8587d4088c174397e010cf892a9,56.85,30
ca38c039b717207dec906f4fa9a21db7,184.19,30
06f0e85c7892d5df893f332706340af1,170.67,30
e8316a4667e5870c85e906b1f062bde1,82.09,30
4b703444923b5e57bb73ba343f5ebab7,36.4,30
b92a7304ebad1ca5b393b53b2de5c70a,141.29,30
c5b72065154ec27c2d1ed8a654c3348f,190.04,30
32e18e89237933ebdaaebd78a27e7fa1,26.18,30
c403e106353e1aa40efe783ecb39ed7a,38.5,30
77cc62dc80ebe12a0452d1ce0565acdc,113,30
07c055536ebf10dfbb6c6db6dbfc36e5,45.9,30
0bbdc963004d9b2fd3427ee3c5ae3608,302.33,30
b99e4f4fa3f421e0ffbd512d9f152dec,19.7,30
c3097e07a0a5de0d4b4c836d90c5a284,13.7,30
d7d5562fce331ad958ca6f57057b3526,62.89,29
679a3e5e1d2bb68982be5734c6e55e63,54.4,29
0705b33fb285827a578fce4899f1b921,22.5,29
e2bb00220a167d9e60b6776ac33717bc,56,29
64fb13596caf118c438edc5c6ed2d50a,86.32,29
6a2909ac21d16b721e4795e7e8ff3e68,24.2,29
3b60d513e90300a4e9833e5cda1f1d61,151.49,29
4cac1a12a6fe9ffba4a9556dbe582e28,26.68,29
6a1a04054158fe995e1688d8f79605b2,59.9,29
57d79905de06d8897872c551bfd09358,26.75,29
ad88641611c35ebd59ecda07a9f17099,155.7,29
c94d19d021d4a8fbae5a45f904aeea90,108.01,29
0e2d365a247d105fefc31b17ab8706d9,122.77,29
55782cb82e0efe052da0a3da237da3b2,177,29
5403528d987ad26e8d7cb25940411987,48.9,29
c73628b1c3144b2e0c9c88072f21a213,106.59,29
372645c7439f9661fbbacfd129aa92ec,109.38,29
dca8cbb1c9d8a2db0fbc0c36b8d1a7bc,86.24,29
d04e48982547095af81c231c3d581cb6,248.33,29
e94df75b2e9a8b056be0c144a731f55c,91.58,28
ace5d86cf1ac63cdb76f49e5cd23d2f8,50.54,28
75c06ee06b201f9b6301d2b5e72993f8,14.58,28
bce474cc95b6e77657e10939b0b4248c,173.88,28
223d34a3d9334039f5ff9511dc044bbb,242.59,28
acc444eb5ad26f79d5a11baa6a03c439,125.71,28
ac44def10e24998cdee20a208d691127,88.33,28
167b4b8c4bd0c401bea62f5e050d70a4,151.39,28
68bf2e76db1d8e846042e54da87399ca,77.83,28
8a443635fdf9759915c9be5be2e3b862,105.26,28
30ccf4724f5227265f837e9ba0246278,90.79,28
0bb7cb61f1957f79dac582ab66ccdc1f,23.9,28
c1488892604e4ba5cff5b4eb4d595400,38.66,28
4914f8796af2ecd359fd8f44b9b92339,49.77,28
5dee2c14e1989141e15d341d4c62d72a,90.12,28
c075b8e131353552218860f1c421e4ef,56.94,28
42ec84ace63b58b8c5a7ba7be01d5fb8,96.7,28
4ac50dbde931c0a5ed8c33d3dc047351,46.56,28
d3e1006ba3735c0d44160026b6e0ced3,109.19,28
86c43103446290e7efacad3701cd654d,35,28
914c9e9af640dd56f48764a225b00f89,82.52,28
71a5f1c2a5fd9889ef26b5ac22aec9c6,22.12,27
eba7488e1c67729f045ab43fac426f2e,220.36,27
23bcd6822a33df5534f9b290216eec1f,127.27,27
776ef0ee36e20757c513e64903f1fa8a,99.59,27
ffc9caf33e2d1e9f44e3e06da19085f7,207.77,27
a42d9c825894f96fc6ed02610891454d,68.42,27
9f1c3e71d56894398a42b050b07f1baa,12.51,27
ee6c49af1a2de55aa0e076257ab4ab99,145.71,27
5526b1ae9ab2688cf600783cece249df,100.22,27
1a758361b1c10b3ffe3d3373332de319,45.68,27
8844bd4b8ca8f93603694ca2bceb77e9,84.99,27
cc5447118c174dcc6456c84ccb29e6f7,118.16,27
3e442d09f9dfef002aadf31960869f65,26.86,27
990d135e28e075648cb7d83198fdccf4,80.39,27
404a57563d487aecbc2b1a01d9b89aab,219.26,27
6a23ae3187f1dac41b7210a8c7739d6b,36.36,27
d678178aa4291cd25a755a90188375c8,36.52,26
c43ab4269cbf91b373263db4c2973cad,48.03,26
8983a3b149303c013fceabef902e835a,99,26
51ce083cd2b9078656a94655ab45b8a4,204.52,26
c8cfa622661e047ea2499f8bce4731a5,134.9,26
be0dbdc3d67d55727a65d4cd696ca73c,72.42,26
ec5b3c8bb77ad22278f6e9d719a83de3,12.9,26
2083a6feb4bbb31f6abc92fc24e468c0,6.92,26
0502d1a36be75bd36b452f31c6ed264a,70.46,26
9da950e8c8c482441f1b93955b21c827,212.3,26
13db47eae724e2848e12b71a617a3a41,499.72,26
b59fb744c6f3cd1dc23b10f760848d98,9.9,26
1612209b0b37fbe80e1e8e1b7d19ca1d,99.23,26
4deb009c36a910076a023947a7929201,51.11,26
31639956e7fac87ecfd9d608040638bd,68.25,26
4178e16324fd0c9a8e18463caf390cc6,266.08,26
f908d3bf313a1308bfb2a46ea2685347,35.67,26
b60856ce32d90658dbf99b9485327c25,9,26
017692475c1c954ff597feda05131d73,14.1,26
145978af3e89b318be0b717a0953649a,20.76,26
060cb19345d90064d1015407193c233d,146.76,26
21fb5057dd6a737df6851a7ab7a130da,61.62,26
c72edc98e7d77f0c4c04ec80730c05f5,73.23,26
cadb69af336c16aba5c5223599821245,13.65,26
79366d6a24de9351b7ca6e3cf75a68ec,193,26
fe9dfbe7f974621789683b7b78be2a16,325.9,26
e85d91619b497e98754390b6198a9818,134.9,26
6dde44b4172999f35f08654d06bad633,203.98,25
a9f480bfc49f0b85e8394e1cdf685b4e,51.62,25
9b9d1c4bd979b93c138044e032f99780,99.31,25
79da264732f717f10ebf5d102aa6c32a,30.79,25
ba74c6b75d2ad7503175809688d5a03c,179.53,25
d189fbf8b5d79a670cebcaaad68d77b2,60.3,25
87d780fa7d2cf3710aa02dc4ca8db985,104.3,25
f4d705aa95ccca448e5b0deb6e5290ba,24.9,25
ee57070aa3b24a06fdd0e02efd2d757d,73.58,25
2b0ee2d07306f7c9ac55a43166e9bb4b,59.99,25
f6fa93875f4a7dac03e0a22143f4d815,49.95,25
f9259c9e7c0f12c70f7a81409680a5ff,72.62,25
a703f5ade6e4fae527357132230ea778,24.1,25
a04087ab6a96ffa041f8a2701a72b616,631.4,25
30469bb5ea377eae7121981e2f0778e4,122.68,25
c50ca07e9e4db9ea5011f06802c0aea0,16.81,25
fe75529a267b76ac6e96f0c322a899a4,111.66,25
e4ca5b20cfe1a020e15e36fe14e880ee,19.62,25
2bd9b51a9ab079e095aca987845d3266,77.16,25
288dbc06591742c5d7fe90fbfb08943e,118.23,25
1491a8ff192d4b5c369b0eaa2fe33ee5,203.59,25
ef66e63137bdd1b2e44aa968646fc1e3,34.79,25
542b3d80712d51eefe3a3cd1c5f4e8fe,40.5,25
7f064525eaaa1ce9d22c085f7ff5413a,49,25
2423252b2432f1803e4f29e0974c6cf7,156.5,25
e2c3ed9aaddfd2312a6a5fe9b3ddadd3,99.19,25
36c2fb4fa746273709c373f6d6ec6796,73.38,25
a12c9204f6f9e90ad1d8ba5571fbfed2,29.99,24
cfb763496d9fc48751a27db4fd02aa2d,49.95,24
0eb8e03d4ef83152c4642b606b5bbdec,31.66,24
574597aaf385996112490308e37399ce,49,24
82c51c3938503a4ddc096fbed86428d6,99,24
ff29d8cb1cd0cd5ea37b80dac9939e1c,19.19,24
a8115d34a4b7b74388da609692162c37,32.9,24
84f5c4f480ad6c9998d6a6860f1a2e41,41.16,24
083ffd30820b592e294de7ed668ff975,48.23,24
dd61e943598eec72351633dd6a72d5dc,77.49,24
3e4176d545618ed02f382a3057de32b4,132.38,24
c9c455f9fd8ca66d3ff7f90a249753b4,109.95,24
642a40d4d73b4b2604968937de13634a,12.9,24
fbd4031ddbc3d02b95834b62769d3ad0,136.5,24
b3e40ff639c185b9d726b4b19c17e6cd,229.99,24
20f160a9cf2e856ee5eba259e9ae33f9,181.28,24
ba80c9f47a84d1e08465f72e22930c83,117.28,24
e0f33a3329af6716a0bb47fd7a664439,49.76,24
c708ba7c6269161f89ce0683cdd7c432,49,24
68a058d125ba1544e726898f0b8c0523,122.91,24
fb01a5fc09b9b9563c2ee41a22f07d54,697.16,24
d692d19cee022f7acab76373f297ad6a,125.67,24
b24af8bca8813bcde4140ff8562f5e47,47.99,24
f7bb503725fb4d7bb55301d5bceba728,99.7,24
e7d26dd6742baca292020c158e6720c3,55.07,24
e84997d75938765ef99930f908ceedf4,126.74,24
9749139e09929de55d37e68e64b89706,59.7,24
91846781ef75057e134949400768e272,137.46,24
e06f99e79036d681effa3de75989bf22,59,24
f39a8b27ce90ac582103bf36f09690dd,332.75,24
c0704b7b41d23540e8576c5e84484dcb,34.53,24
58efb9b638561ce132216a9a612513e2,105.98,24
8d1cfc0463b545928bfb4e589e017bd4,62.82,24
d493f5a208254fe85b3ab55d898461a1,20.16,24
d34c07a2d817ac73f4caf8c574215fed,29.99,24
64b4f32393cbf55be791078e7a2adca0,131.49,24
b84520a57891e7a8ae2c68741dcc7146,45,24
7ac0d3f8ac5b60c13d74b02b8cbb4623,115.55,23
bb90206fa281c20f0b4c42a2393b54dd,184.94,23
dd4c3b4ab7e001aaf385ea2e68952030,30.03,23
33ba4b29d820b397054cc97e892ab1bc,27.99,23
f177b434709ecb652dbee4f4b19aef2f,29.56,23
ad2037645597db38527fe3afbe226af2,48.1,23
97b3b8e8ed22d0ceb3b3c520e806a334,14.57,23
1cf0c9095608952cb1c65c4789946375,49.26,23
2029248294c186017ecfc48cecd47bbd,127.25,23
31b8e7c2a22f3dba5183cc110bdd72f7,202.15,23
c32b1155b886162db8e1ec114699a799,56.99,23
9007d9a8a0d332c61d9dd611fa341f4b,7.87,23
89e4362d74afa10ac57f8d67210132a6,94.95,23
c706d50b57c9e83293c2586d01f32445,49.99,23
ae52eeb8383b94455f0a08b1f88ad002,72.55,23
7686fe49c98ae1c537b5cc51992f5d20,170,23
14dffa241a078aeaebaef48a49e807ca,64.9,23
5d7c23067ed3fc8c6e699b9373d5890b,52.91,23
bc74f63361c15c1a5baa5b97ac432e62,220.31,23
371fa349d92646bbeea5873df0bcdc5a,37.04,23
28a652ff04e43c1bc57937a9f8770f9b,111.65,23
7c2d0df8e5fbfa71d54a400b33a8502e,105.55,23
a659cb33082b851fb87a33af8f0fff29,88.6,23
bb7181410b4e02f93f3697f765db53c7,117.82,23
e7f85e7f0203b7b95cc1b4c21b4b070c,263.91,23
a695ab8413ea83619cde9b18292d6aa1,44.71,23
738da8ddda2e593acfdc53c2d1520dfa,75.2,23
74ae869eb82594d9cbe6e934cf143e0c,36.82,23
1a405418406359cc2b8815f93bf359c2,133.38,23
e1e932dfb67414e80b87ad97688cf2a3,100.57,23
54d7ad85b648d3cb2b7069ed446d7f35,156.39,23
5fc3e6a4b52b0c414458104ed4037f1c,89,23
7b35ccd93a2184646c03b70326626923,156.49,23
91c82ace62e0ca1b69b1a45bcc214b45,183.39,22
28b4eced95a52d9c437a4caf9d311b95,59.9,22
115e606ac8059e4cfa1c6c3310fb365c,39.9,22
06bf70b6e1d67d96308235ef350edc61,76.26,22
f361fccba568fabe00db466f80626d1e,16.13,22
ba4a91633739ceceb2b73b627e2cfbc3,140.85,22
5176d8670222d50ebbe4d4c5dfba2b49,17.45,22
812f428f6757ab16c46cffc68f2e90c5,59.8,22
0c71252f37443403376d2008034a7240,109.83,22
5b8423dc7f23089c9c59c5d140eb5a1c,130.88,22
4a25d757ff72fad7534f478c90be77e6,14.58,22
99f5b2240b82bf9387e5cf2fc0335b08,113.94,22
40e8b425d1a26e2d9cb77363523e05ce,78.99,22
71a7800a633691de8ecdd17463335e2e,66.54,22
4a300735bc293723103db0d0c1bc1585,71.72,22
5c692818d313aa12864b48ac0c2472c2,29,22
008cff0e5792219fae03e570f980b330,138.86,22
726b4e18f00255e2e63491bcba3f60b8,84.55,22
11250b0d4b709fee92441c5f34122aed,414.14,22
dc9471db933efad7bf0ce685380578bd,283.76,22
87cb507e0daa37bbf34956fd59eba832,29,22
8338cef8355d238f43711dcb9c0657b2,45.9,22
688ad0169550f8e2eb0307b61df3ba12,63.25,22
b74d57e3377dd78aace6d070fc48cc88,65.73,22
d011223de539cd224b5c5c8082313d46,211.2,22
a2da86fa759178e9e58e54aa1a144e59,24.99,22
fed5c40c27e1c88560a9e92d82ee0825,19.67,22
867dda95bbba37fe56fa288449fa122f,49.9,22
0fa81e7123fd0ebe03adbbe99d912827,103.08,22
90aa2ab699cd0e459be93124aa91c82f,114.45,22
466d263ce8b7bd275003ee2104428127,25.97,22
a1bf559ac1eab015ba992bd76d9d76c7,24.81,22
18486698933fbb64af6c0a255f7dd64c,83.39,22
ad4b5def91ac7c575dbdf65b5be311f4,21.4,22
419cb1b441eda9b92ebd1a1b96090c26,29.76,22
1d3ecbda18167c766a3381fd16108e4a,100.24,22
4bb4fb9c85785b75ab4f6559900c7ca1,37.99,22
c10a7001e8b49dfc03817444b5f2ed81,129.99,22
0a9bdadab17a9b0f258f64d11a0adf7b,83.16,22
2481a472d98c582b46bc2dfeae6f539f,59.57,22
6c81db10f914c4d032b14fa93aa0a818,29.08,22
af0a99476d96dcc1a1baa7c0d9ff6b9d,538.2,22
0efc91aa52d1f0669126d3000a94279b,104.85,22
64d33e6bd1b905a31c2f96f584e6a0c8,28.81,22
698b3ddae2f0b80c2a48fb40624ca4e4,246.83,21
fecf6223a3494f35362f670e571d2a04,69.9,21
59fe488ea6ac9439bc86663f4a564c23,17,21
5b8a5a9417210b1b84b67b9a7aefb935,74.9,21
d99526b1e4fa5f57b8bde34a7337b5ee,58.52,21
247fa5b4e2f524a22b21ef256ffc23e4,28.61,21
722dc14e0848efdb771dca6de2929c41,79.95,21
386eebb43722ab502f04f7900bd2451b,55.52,21
612c7f49d1026f7beded75464b574f81,33.54,21
6bd248f93425ceeb625a8a97e2404112,57.4,21
7b5d8be0e04080e4c8ee6a7ec2f1f597,36.2,21
fa23bf270fb9880690b07d09b9f9ff20,59.94,21
ead3077a141a9c800d6a4bb9d0d415b6,22.99,21
1e618d311a1b7f88a9d96ec50aa85582,130.43,21
0b039b61011417822882815943f13dac,23.7,21
31c79131e883e5fd8c4c85fe9f7d2bb2,24.99,21
82c3ea364e5480f335f6743ee725a921,41.48,21
f889fb87b505b73de10c18b93352469f,110.32,21
2291d090b69f60fc0ffd95ae394daa77,101.33,21
d918b3f4aa5272c2c3cd088d087ca069,134.27,21
7703b8cb5b77fbb36518ea91e2ca734f,39,21
5ed9eaf534f6936b51d0b6c5e4d5c2e9,24.98,21
e19ddcc85537b41f22116c8d5425ef46,29.99,21
e6b6e13cf71449a457269f425b89dc74,94.66,21
3efd399c5d016b9e6a5ad3196eade44f,223,21
423b46d7ff817b1cd19ab195c7b76546,54.52,21
bc055ae94989497c0d66bfa4263ccf61,65.26,21
e6d3e381889aa6e9d222ad50cb30ac43,223.57,21
d39421ec4cc2bf52e35f8bf00f1ec314,49.99,21
6413f7a28e149a324c4a914000399fb2,143.47,21
f422d0d9f8b5f7c27289382b14b61248,67.28,21
3a806ac1ab98107febb4ffcf38bc1fac,123.78,21
15859e3a8aaa3c192c10a91d8722abd5,302.77,21
d48bacc1dcd9c86bf1ed4ed2a303336c,42.28,21
18f6ea7e8cff29f8053baac6762449f9,55.95,21
eebbed5ed3b134eceb717496c47652ba,97.13,21
fb783e3e545937820b57fe539b2c5a6c,101.33,21
a5647c44af977b148e0a3a4751a09e2e,164.76,21
fcf6ad274391aea29f5d6e5ef9da5050,86.82,21
281bbfe70848e0b304bef88fc2caf2c3,48.9,21
1b8ee158f59c098470fad33f39660964,139.71,21
1a300f482e35d7eac74b229be067aefd,21.42,21
22594ba8fd9a72ad95d352929c821560,107.75,21
c1617123e66d2491ca93ceadfd36203e,52.85,21
cfd414b4463647f58c7775eaae06893d,94.38,21
42a2bd596fda1baef5719cb74f73030c,91.8,21
8d98dedc3c19de17f1a090195e85d6b6,49.9,21
f2af004352a06a99dca765596240cbc3,34.9,21
02ce467092b184e71d3967d29110adc1,175.74,21
6e77b89d36e50217e6793780a8ce5c82,36.75,21
261244fc4d0197d8772346872f5b0f5e,40.65,21
0654d3c1e3efc7e7cd9dbde9cb743df2,55,21
b80921007ed3f68cf6e536e6daf08610,29.51,21
09b0d15a8cc9a84e7af7e0225f67dc45,67,21
04c4a4b9c924494fcf82e0fba966f955,27.35,21
89b190a046022486c635022524a974a8,65.49,20
f3720bc68555b1bff49b9ffd41b017ac,181.38,20
10adb53d8faa890ca7c2f0cbcb68d777,19.9,20
34dabb8af33b3756cf72df05fb327011,77.19,20
4724ffa427f315c485e39b02e21859b2,12,20
f7e0fa615b386bc9a8b9eb52bc1fff76,90.62,20
3c883b9d3fd2d0ce448d4136349dc0a4,54.55,20
3f1a741cf5591384428c1cbb0ef07ec0,14.9,20
1a0971a6f39f04118207a7308d451e9d,177,20
95c40b993a22463c83beb5c51a03d46c,25.9,20
47cd48073d67f91f09cb5ef9496c920b,82.74,20
f4a38926843e01497a3f63a5d5740c72,13.65,20
5c2bb11cf2149bd4d9fffcc1246458c3,96.4,20
fdd84aefb08c8f8225e0b8c97429d53b,56.15,20
9571759451b1d780ee7c15012ea109d4,98.7,20
8f8cb7e4a7f16d339f87f8aa2711a003,80.9,20
98ec655119c24de03b804696821f3955,49.9,20
0a5a41c678bcf81e041826bb24eb0b01,48.9,20
71540d636652fc682032d3b3c0a180c1,117.15,20
4fa33915031a8cde03dd0d3e8fb27f01,148.9,20
4a0c2a56e65c941a0bb9874c47dd66d8,79.69,20
f83c9874b5b5044ea58fef1be68c1ea8,135.38,20
7a9cf133da2a6494259ffeeab11b6276,21.59,20
5f42d57952b7815098979a5c4fa6f82a,110.32,20
98b22c1129886cbd7fcae69d1c93e442,91.4,20
b0c89945c034268074f5f80b362bda34,29.99,20
cf857bce01d442bb8631a548a4432def,152.94,20
a5ae8400fc9fcacd4af585a57bbf264a,108.5,20
e7db7c40ea6647c808d48581f1308d88,109.9,20
10070e29929f7c7d609ee3201f236b8e,95.74,20
cf78006a2a6b0429b9663edd99bb38f9,299.99,20
7c55ea4aea1acf1ce11440010f5aa298,406.35,20
a334304f952399f2161225628a9d2891,78,20
33fac76e7f17367dedaef7954bbb33b4,86.65,20
e57eb018e37376580079825eb29a3419,88.07,20
61d01171a3784bab50137290350e5332,29.9,20
6002665d65ee348dcd357c7bb2f080bd,59.99,20
cebff45f1d1558430be0e07ac0df6a68,98.9,20
588531f8ec37e7d5ff5b7b22ea0488f8,1414.6,20
43ee88561093499d9e571d4db5f20b79,10.9,20
4c1e109ecdf58453de365d217cefa64c,122.85,20
63d6e7ab30f482382c9dfbbccae7da54,83.38,20
e7d5464b94c9a5963f7c686fc80145ad,137.44,20
6f33a4a09ae1180a0ee1ff4682b2d21f,140.99,20
93c480c7d11c68ba0a71e850da61b674,145,20
c2a1ff8408a1c857c8730e4d12da714e,69.9,20
f77dd338d9f75229a09cbb9a18fd0c9a,25.5,20
4fce0eab61e01d521044c8b071cdfead,25.59,19
8fa67e5cb309b9cd7b4438e15948bdb2,12.55,19
016711f78a6a87696645db0a6a834826,100.19,19
6c712952b8ef62f8d06a0314917400c8,79.7,19
c6e513054b982283c1cbbb2a45d02d83,26.22,19
5ccdfc35d9cff8db4fa46b83d5712899,119,19
fca62108387e25005784da2f551466a1,249.9,19
1acb18fc869c5489d5f76abcd681165e,135,19
aa5d6a9bd4be367ae1a3a29c323c7c11,127.63,19
616042729c11849827291496b18e9ec5,58.58,19
6a23c2eb9acc78f8ec403be9c6210dd4,122.05,19
52e9413ed0d3e64b796aac2bc2291d50,151.48,19
725cbfcaff95a4d43742fdf13cf43c75,45.21,19
b4b817e5f2c4efc8253b4b679c653847,86.59,19
7b453aa3584d61c1268d77ba6fd5956b,109.9,19
af0a917aec9cea3b353ece61a8825326,89.37,19
1bfe62f326ac7bec0f5a83c10cfff228,50.32,19
44e086c4a977f37a888627b43880586c,59.11,19
11bbef4e2a44601d9dd471aa1fb433e6,330.52,19
7cd29da0653abeb444703cc5a957f479,38.85,19
242edc6b84c00f0d48c664a020a92c52,55.53,19
4c1bbc12438daec98a77243c2bf7a3ba,140.83,19
3516632e8f52b679ff83d1665ecc990e,75.64,19
f2399cabe080029634d12cec4f60dbf0,95.69,19
9c7ce59c96e74dfdfc51f13a4a6c3869,29,19
35bc6c77029697004675d3a2ce505916,155,19
2f13d1dc8b4e1d9d8027be50339546a9,105,19
59fc88d07b8100b80600e42f3e5ac79d,61.06,19
9fc98e39f04be8e382d8aa5e259f5489,46.53,19
9565229244e9341fb8c8069879cf73cd,149.37,19
418d480693f2f01e9cf4568db0346d28,196.84,19
475e8a9ddbebf13af503d1c7eccadb1a,136.16,19
655110abedc57d73d3b2150d8ba2092a,104.16,19
b8762d562d810c2f8d7ad7e9c12957be,25.97,19
994ab76f0da3349fffcfe5d598e9babb,36.33,19
eb7172d8a3c64298d2d767f6603c231e,45.96,19
163da86e86f0089de089399c28c3fcbb,99,19
e9c1abcc7126360336d8f56d49041a8c,349,19
9d0bb30eed80184666c8acad23921283,19.95,19
f49e985b4cb2d0543890d6dd00077663,767.89,19
3ba2b0de14984ce8f072c58be8d701dd,103.92,19
e672fbe634ad07cce9d85f412becb2c0,129.99,19
e3425df9bd51be69917273c9dd92ed5e,67.48,19
0a4f9f421af66d2ea061fbb8883419f7,110.32,19
54e5939fcd9ae70ad0f59f612d6d29bd,45.66,19
78119fbfa709d07b86f5ccf15043c6d6,194.34,19
43f88c8353708451babf9bcdd1fda92a,54.64,19
a1efe4a86746c22541813e22e1d23e33,154.64,19
d8de812ed5d981fc6a3984f4caa2aa05,59.99,19
c3f6113d5b61bc95468432072b27e23d,18.9,18
5a419dbf24a8c9718fe522b81c69f61a,45.65,18
1a428b685ede76217c9efb550c4aaa59,22.9,18
d9bdf643d95cb89844c0da1a0df1d16e,121.01,18
f62cbf4416c9ef8e1b4e8d5279891f24,13.65,18
820e8f306dc9ffcf6d0957516084cca1,37.45,18
7e6c4a0bf900e259f50ba63331fd2785,70,18
3ae28b124972bb81eddcb644cd284be9,99.71,18
741a31499a578979be85db7f80139e62,45.9,18
423a6644f0aa529e8828ff1f91003690,446.83,18
e24f73b7631ee3fbb2ab700a9acaa258,120.67,18
11dc4053871ff53ff79fb1fc7e6b160f,99,18
9453bde60c4ee52155c963641736cfc5,482.86,18
6e1b14d3cbb5fb3a2c00351007127dfd,230.55,18
a0eef953cb25bc9ae40457e1c3c82946,69.9,18
b69eb25e3a4def8e9cddee18712e0c5e,200.67,18
341d85d688ecc3353cf2a968e7ad0dbf,125.46,18
b1631003bdbc3b1e876f83a7d851d74a,56.77,18
2196663031bcde078cede855ac0b5739,65.17,18
6d2fde7d12bb6ff367dbda120ba8828e,21.97,18
a3daee3915d4fb98376e039ede6bdea6,50,18
7c898e0b8ea203dd94ba846627fc34d1,156.05,18
41cd333a4af5e36df81fc0b83ccf8e2d,387.55,18
b59b5899ecf4bcc294a72fdd48adaa94,29.86,18
77fa3381855b6763c52ca3b72824f508,49,18
87cc2aef12eddf0b170234138b0946e0,185.81,18
f699b297070aa38aaf3de9639302506a,122.78,18
9d32095f76b97762307e86cfc18dd7a0,49.95,18
4b5e26931a0b0d3a690a3f520329a975,213.89,18
fa126ff62aae83e37857ad495641c878,197.72,18
913580fde3e72c3b3e4ce0b79963bee6,11.15,18
aa70ae9ee9a798d44ae6e00ce6d82cb1,110.32,18
5115d8cd6438c0c4d8abdf38d5d41ebd,69,18
a2105c8c0d5d99dbc5a2a9ad94321e5c,102.33,18
9fc0c73ce4d0eaaead44e81eeefebeb0,68,18
fcf28afb1353f2f12ea041dd74954226,27.99,18
4f0abfbee7569e43b80f9aaa256a9bf8,110.32,18
20531b0644a0719b8d506c4db3c56609,138.61,18
4d272fe20c57c64dc74b3db191fc31ef,24.9,18
cfb79bfbdaf59cfe2e9ae0a071451f32,39,18
0d9374142ba86a7c22357ea192bcfde6,61.4,18
aef8207c2e91f4fcdbc0824737abf358,322.21,18
3713f19c71c4be21ced80738e2fa49bc,82.43,18
3cce0d166c3fb2507956c630c1d0f87c,93.27,18
31a89a7044c5b133cf646404a4e86022,150,18
076e4ce53c8914382e7ff3732511b17e,104.99,18
622bad99b4296aade0783ebecdd3fa15,96.2,18
ecf9484703bdfb9cfcc1ac9c2084b567,265,18
803f77475e1b51b47f1bfec4f2ec353f,70.99,18
2c0c951471371afa81e47d7bf8d20522,43.17,18
a5bbc554f75cf4afa2cd56791015ec27,58.33,18
00de7f393d962717eeeb2d7131a40dba,106.34,18
cc1cb33bcc814aeaa4631761a34bd23e,75.63,18
7935ddc510afb7d08989660b382b7f26,86.78,18
5ac4f7986643a944501c66a2257bdd73,49.9,18
de480e3ae31eea2d2d97d694c43172fc,28.9,18
f0c1c1d5ec61ce4c4846abd4283631df,57.73,18
fcaab5d7f656094e49fbe4ee3a506658,111.94,18
cad2db5e318d7283a234c517b2f28a42,104.23,18
62d41a80c366aa2d8644e3270adf8440,244.56,18
acde6bd0b5f91190e2a123df389b0b47,25.57,18
014a8a503291921f7b004a5215bb3c36,36.6,18
23384f296aa1bf6461d22912093a9847,20.83,18
51d646c5c93e0f1de543528d0e24eadc,64.39,17
134957eeec87be2414ac629ee0b947a4,19.9,17
59391e840980a4bb6df5f44d3d734df7,49.99,17
f7740e5b4337a3cc4a8a204553101a85,534.99,17
be5353e2c543ba4f67831f95d3775420,20.86,17
a5215a7a9f46c4185b12f38e9ddf2abc,1278.82,17
a869ec6209c361ca46dad85a5530e119,157.43,17
1f30aacc69904c0d0bf8d05cb2abef72,135,17
0c9ff9d8ed9b9bdd825487b3a66e05f5,233.28,17
0da9ffd92214425d880de3f94e74ce39,107.05,17
07f381c65e8e66460c07781b9b1b8834,200.75,17
cd935d283d47f1050c505e1c39c48b67,69.9,17
ba9943916136c9959e24f71bdae28faa,48.38,17
c10d7c70907ad6d09ada0581ef6bf839,205.19,17
1fb344134cd7164d32dea4d87ba3ec5a,126.84,17
3cebb9158a3aa0b3f78ee0f934c9f032,61.18,17
5eb564652db742ff8f28759cd8d2652a,33.12,17
efa490145b5cc82438b6a6de691535fa,47.09,17
6eb6c5cb7df0f863538b61a47fcce962,141.98,17
2002fc3ec2d8a30a7588628fe7aff958,30,17
6ab6d9589ae19abcee458918d4779fae,188.72,17
ee5329ffbe604bebcf84b2fd7792024e,198.71,17
e7bbc0d43d1f5cb09bab95b664236633,49.17,17
672e757f331900b9deea127a2a7b79fd,405,17
0fc6914383c2bea767a9562c9d8b43a1,45.38,17
96d80c8b6c6545a30eb5bdc4961455f3,121.64,17
33202a8e7a645388c41ed714203d7131,149.9,17
83d199d296c44101c8c3b5c9c0cce9ea,72.34,17
9ddc4249779322828f89d2a9c04f7ee1,107.1,17
b36f3c918c91478c4559160022d3f14e,150,17
aede48631330269f65a8d680de491657,89.31,17
5aad359a63cbb4fc35ead44346a3eeb4,10.99,17
4473f3e5c65952b074ef987fa5c24662,29.52,17
c19d5ba108c34b8255cf9a524da92bc4,77.65,17
4cb6e86e1328e77e20b5f90771683cbe,104,17
a291cc846d74d97f01611894f983073b,189.9,17
49eeae59754cbcf1abeeffb8f51184ee,70.12,17
e61c78a7343d82c0539d27df0f7dfc31,204.61,17
7bcf2266b78ccc737b8f26f925d3c5d4,43.37,17
70906e04da1eebf3d1b8791bd09ffe85,70.2,17
f497ba62f1d6b4f6a3a3266fa8623ad3,58.2,17
14555ba663de8689feacf1d0819cc3b3,110.44,17
c9dbe2eec19a8093cb5ac57486531c18,97.13,17
c230b471b7e21ff9060e68ee154afd70,69.99,17
84a87daa85c8b432d90bc1baa0cb4388,61.66,17
158102fe543dbaeb84d87811bfe06d0d,17.9,17
9aa9caee155847cddb376a05b9a39791,32.23,17
0cf573090c66bb30ac5e53c82bdb0403,53.61,17
9e10ae46a3021a02f1692448ef9fa1db,37.19,17
547b95702aec86f05ac37e61d164891c,120.03,17
1d7db62a21ffb4f220d3e8a05fa77e02,32,17
cdc4af478fef19f03f1d0353c00271cd,27.55,17
39aa98469aa7460a9764311b3f8efb12,45.95,17
3fc18e3aefe7b9346bd15de863fa0365,74.93,17
98e91d0f32954dcd8505875bb2b42cdb,59.96,17
bc4cd4da98dd128c39bf0b8c2674032f,1264.68,17
79c0ace2ccf0da036e787875a49151a4,383.06,17
5e53af05c040b01584b81b3549945faf,30.14,17
64315bd8c0c47303179dd2e25b579d00,87.71,17
f1d4ce8c6dd66c47bbaa8c6781c2a923,175.2,17
3570caaeaa3f5a1ae76392bb2b4155f9,62.71,17
6d7a4492be45dfb8e38e762efe6614a4,27.99,17
5a3320037d5922a7708647c81ecc1f15,79.06,17
5d790355cbeded0cd60e25cbc4c527a2,95.13,17
37b99aa22bbac19b2a4afc4b2a958a53,264.17,17
9abb00920aae319ef9eba674b7d2e6ff,37.29,17
2eb9b2ef7c1da3c7b99702452ea4729f,98.46,17
90b58782fdd04cb829667fcc41fb65f5,182.34,17
ec96b7b4e1401281edb9465d0d689cae,37.05,17
7f457254a89d62960399e075711b3deb,24.99,17
c63ea4621680c1b0fca8864c0564bd78,179.9,17
7b44e5ea770ef06810f5df89006cc8b2,92.17,16
dc881ef926ca402063ea142afc83874c,88.8,16
f7e5d0186f539b61586d7ddd247d2996,12.99,16
163e6400e6dadd0fe04775c5e9331fda,50,16
f521813909e310116b6b2f0b11f3dd44,100,16
5c3aca5c078a343b3b873362e7ac2fcc,169.99,16
f71050e65776861c8c3ec7a2d2b0194c,80.46,16
5a7373ba4c9b3e13513ded06cd1986c4,37.49,16
7a7be236d8368315680071df4209dd4e,53.12,16
ab1106e227a745836a0dc83b374e2575,20.97,16
fc1449f3ffc59fd2eb9640505aea0581,156.19,16
9bfc55df037ce3ac01bfd84781adf7e5,590.12,16
eecc2c78b528d8073b4f1c4bddf92aae,29.56,16
6eb70dfb283dc3f645ed7b03c990dc72,56.48,16
f3ce47ccf98da2906f6b8b1387618e07,123.37,16
9a29b754b7fc0aa8eeb990103fcea4fc,111.11,16
0fe922b7f7d43ef454bbc241416e7401,16,16
6a0713a63e990052795623e76cc2995e,72.21,16
cbdb9bf611328898bd4b32a384506b3a,94.36,16
8d139b1550c8cc91a3babc9cfe9fc147,55.97,16
060f0122cdc8f25db4a0d7359fdae7b0,49,16
e070a61270050c4b1b704300f331cca6,62.58,16
08c816d9a716567bf436173ef6f5f12e,19.89,16
e6fd80a00ebb1a3e0d58a38555fbbf2c,23.3,16
a0d20b18f2a06b34206ba5933b4ec05b,49.9,16
33fca9d59532dd4c191217a979346ab9,251.14,16
a45af86c4a7948f5fabbb5b0132475cd,28.9,16
03e931f387c2dd5b006aecdb12515b2e,53,16
17ad136b7421ea8690fded631b651158,55,16
b2855c4e42b8a50f359904c6763eeddc,308.65,16
0bdd9a52d192d64770e33ae559512478,54.94,16
fa381a4a9af65ea5fc8f3829214045f9,268.04,16
59ebd2c07d59483d0855b5b3d5e18728,27.99,16
be1c4cf8a2d2aade623eb7a646d2a0bc,70,16
779dd392d4fbe5ca656bf3ceabecbf0b,132.94,16
cd2ea14a901da3b47b33516f3ca6929e,61.84,16
9e2d3a8d8ffad53e2e35282a2020221c,33.02,16
9ee8c8a931dd4d34148aa31f54ee93c1,129.9,16
86133a2151bd98a3ed2ad758709e6d1b,57.71,16
00ba6d766f0b1d7b78a5ce3e1e033263,46.12,16
a8d952e8e5436a6fe36d24c402d100de,21.99,16
6ac3978babf6ca76087369391bb6ce5a,75.24,16
077599a82ee54960bc4f4c941b0d1359,122.55,16
dd60cac04e6bcbc919cb1c7dcc473211,30.09,16
44a5d24dd383324a421569ca697b13c2,29.99,16
1ca737c9f8f06b3672be9f9f3f603d36,128.96,16
0b0172eb0fd18479d29c3bc122c058c2,25.27,16
82a61259a621866c4ba63743da29a342,124.22,16
82b73150f90f4fef92913e35b9984bb7,95.94,16
f9be8e0e5acd947d8f49dbc390b9ab20,149.25,16
3b10cf7d1e08c598428ad6eb7c59d09c,90.88,16
c589625c8ccc7bfd2e8f1fb041e24c4a,110.32,16
68c923fddf7f83316b53252eaf830724,70.36,16
8b5227e28272123eefd613a10ffd7704,504.31,16
01c9a70868bec5b748c67fcc26ce5895,102.65,16
bfc0d01be79d9038c7720f983bf954e0,135.44,16
6ae3f85f46a37844372252496c77b4d8,200.72,16
62c89abe1afe3a23c17765d462718a4c,244.81,16
e78506414d2563b6414cfd84b7fa0802,170.5,16
e6b314a2236c162ede1a879f1075430f,20.43,16
35557c68a22ecebcf066e25ca2ddc144,16.9,16
c8abdbe349a97073e7aebc795be55bd8,113.67,16
fa4e8255202fd921350a6fc716710dae,260.18,16
2635c3e7db0ac6cb3e733cac61ce0ba5,26.9,16
4025ee582ef6b8c478af3b44cf89054b,24.9,16
183c95ad186f48c320bbac4643829d3f,49.9,16
1164c17af70425821f88bfbdc9e907a3,44.17,16
4ebab6a2135a2477b657bda38646b64b,25.6,16
7868a64aa111bbb4f41f8e1146c0becb,58.63,16
6987398dff454a3138231540e2a6ec61,141.7,16
5fb1e24560c31b0eaa1911d4247187ed,262.34,16
98190f6a2c3253d07ca86525bb238162,75.19,16
ed77034b92386a1a8cfd3c648d715dde,16.97,16
f5badee8a0e679f057ec0ca4f0f32dcb,109.9,16
0521fe3eb04940304b489d0fb49a37dd,101.76,16
f8077831f3c3f393fb67b93c5acd8daf,79.4,16
64d0feb1bcf9c7fe7b5dad3271c10910,89.18,16
429e7401fafb76436f15e86498bd7364,202.4,16
521a361808bedd9fffb32181e501e09b,149.9,16
65650c84064ff1a79e4a05988f4c3e9f,26.43,16
2bb3e85f2a403543fdb64e266e70c792,344.59,16
2ea92fab7565c4fe9f91a5e4e1756258,77.35,16
668e8ee8f69c3545109fc40f72336e8f,87.44,16
7612afaa8218e79b3011243ed9edea9c,398.72,16
59f09deeea7c839a9212a19f3416b892,374.9,16
4d9e8a6d8d07e4f47e093b8c2999ae01,39.62,16
d6aa421b9567e3e2a3a0caf8fb846cbc,42.62,16
fc13bac52be6640d9a77f54894e2c0e6,29.03,16
50e1b118f266b655f613f753914c42db,39.99,16
c45f017c36f9112a8bb4f170edfb1870,95.53,16
f2d649f157cebee085ed738f23d5d6b7,28.81,16
3bf95cf337a8c87435a2949c48350fc7,94.86,16
6c50c87e36d8641d67fbcceed5cfec5e,55,16
665aa1d687284a4d2d2b74c0c6724625,103.15,16
1b2066a33aee5851ee3e44b10b36b3c8,20.89,16
d4dccae17c83ffbaafc50d763503e9eb,62.9,16
0bc5e6c957486577f11519bf36577b38,22.55,16
4cafc445fc7535c3b41b8978c0ce68dc,83.11,15
97f1396a5a1f7c07ba51784efdec44b8,147.4,15
37eb69aca8718e843d897aa7b82f462d,51,15
43b54d1fc56ff394092a3dff6be2d39f,110.32,15
564f6ff7ae760d6eda6d32c551724036,187.23,15
e15cee02291017f6f12b4115ffb417e6,24.75,15
ed00a8453145186b3f071f1e3edef33d,39.1,15
750dcfda0a9788bba89c94bb82a322db,23.72,15
c5b6cb0ce3279d64025831b972bf5dee,85,15
550dc4417c636abc04c71404342de695,143.12,15
457cd0a99cfa977993e4eb6d98d95abb,31.99,15
