seller_id,total_revenue
4869f7a5dfa277a7dca6462dcf3b52b2,229472.63
53243585a1d6dc2643021fd1853d8905,222776.05
4a3ca9315b744ce9f8e9374361493884,200472.92
fa1c13f2614d7b5c4749cbc52fecda94,194042.03
7c67e1448b00f6e969d365cea6b010ab,187923.89
7e93a43ef30c4f03f38b393420bc753a,176431.87
da8622b14eb17ae2831f4ac5b9dab84a,160236.57
7a67c85e85bb2ce8582c35f2203ad736,141745.53
1025f0e2d44d7041d6cf58b6550e0bfa,138968.55
955fee9216a65b617aa5c0531780ce60,135171.7
46dc3b2cc0980fb8ec44634e21d2718e,128111.19
6560211a19b47992c3666cc44a7e94c0,123304.83
620c87c171fb2a6dd6e8bb4dec959fc6,114774.5
7d13fca15225358621be4086e1eb0964,113628.97
5dceca129747e92ff8ef7a997dc4f8ca,112155.53
1f50f920176fa81dab994f9023523100,106939.21
cc419e0650a3c5ba77189a1882b7556a,104288.42
a1043bafd471dff536d0c462352beb48,101901.16
3d871de0142ce09b7081e2b9d1733cb1,94914.2
edb1ef5e36e0c8cd84eb3c9b003e486d,79284.55
ccc4bbb5f32a6ab2b7066a4130f114e3,74004.62
f7ba60f8c3f99e7ee4042fdef03b70c4,68395
fe2032dab1a61af8794248c8196565c9,65959.61
8581055ce74af1daba164fdbd55a40de,64925.3
cca3071e3e9bb7d12640c9fbe2301306,64009.89
04308b1ee57b6625f47df1d56f00eedf,60130.6
522620dcb18a6b31cd7bdf73665113a9,57168.49
17e34d8224d27a541263c4c64b11a56b,56363.24
7ddcbb64b5bc1ef36ca8c151f6ec77df,55578.57
de722cd6dad950a92b7d4f82673f8833,55426.1
37be5a7c751166fbc5f8ccba4119e043,55350.55
218d46b86c1881d022bce9c68a7d4b15,55093.28
25c5c91f63607446a97b143d2d535d31,54679.22
f5a590cf36251cf1162ea35bef76fe84,53201.78
ceaec5548eefc6e23e6607c5435102e7,52917.18
b2ba3715d723d245138f291a6fe42594,51676.88
966cb4760537b1404caedd472cc610a5,51286.05
e882b2a25a10b9c057cc49695f222c19,51057.54
2bf6a2c1e71bbd29a4ad64e6d3c3629f,50628.9
f8db351d8c4c4c22c6835c19a46f01b0,50525.6
17f51e7198701186712e53a39c564617,48019
8160255418d5aaa7dbdc9f4c64ebda44,47017.69
77530e9772f57a62c906e1c21538ab82,46610.4
4e922959ae960d389249c378d1c939f5,46030.37
c826c40d7b19f62a09e2d7c5e7295ee2,45643.74
850f4f8af5ea87287ac68de36e29107f,45355.36
b33e7c55446eabf8fe1a42d037ac7d6d,44985.17
ba90964cff9b9e0e6f32b23b82465f7b,44212.5
eeb6de78f79159600292e314a77cbd18,43739.84
4d6d651bd7684af3fffabd5f08d12e5a,43587.4
e9779976487b77c6d4ac45f75ec7afe9,43162.95
c3cfdc648177fdbbbb35635a37472c53,43048.18
b839e41795b7f3ad94cc2014a52f6796,42829
2eb70248d66e0e3ef83659f71b244378,42628.61
d91fb3b7d041e83b64a00a3edfb37e4f,40889.74
17a053fcb14bd219540cbde0df490be0,40703.14
391fc6631aebcf3004804e51b40bcf1e,39951.95
834f3294fba9f932f56edc879193f925,39907.5
712e6ed8aa4aa1fa65dab41fed5737e4,39815
634964b17796e64304cadf1ad3050fb7,39465.1
7142540dd4c91e2237acb7e911c4eba2,37373.56
ea8482cd71df3c1969d7b9473ff13abc,37177.52
c3867b4666c7d76867627c2f7fb22e21,37153.4
7178f9f4dd81dcef02f62acdf8151e01,37070.4
c70c1b0d8ca86052f45a432a38b73958,36537.37
59417c56835dd8e2e72f91f809cd4092,36459
06a2c3af7b3aee5d69171b0e14f0ee87,36408.95
7299e27ed73d2ad986de7f7c77d919fa,34725.43
e9bc59e7b60fc3063eb2290deda4cced,34343.06
dbc22125167c298ef99da25668e1011f,33776.78
9c0e69c7bf2619675bbadf47b43f655a,33702.78
76d5af76d0271110f9af36c92573f765,33461.6
1835b56ce799e6a4dc4eddc053f04066,33344.21
5c243662ce92d84573bfaff24c3e3700,32862.02
2528513dd95219a6013d4d05176e391a,32689.1
855668e0971d4dfd7bef1b6a4133b41b,32208.16
70eea00b476a314817cefde4aad4f89a,31994.65
7681ef142fd2c19048da7430856b5588,31941.81
e59aa562b9f8076dd550fcddf0e73491,31574.3
88460e8ebdecbfecb5f9601833981930,31546.55
0241d4d5d36f10f80c644447315af0bd,31397.7
87142160b41353c4e5fca2360caf6f92,31095.98
70a12e78e608ac31179aea7f8422044b,30858.53
53e4c6e0f4312d4d2107a8c9cddf45cd,30148.95
d23019c84ffae2d5ef2270367b8605fc,29205.1
900ba814c251a692506d7834c1218441,29099.69
1554a68530182680ad5c8b042c3ab563,29052.53
0b90b6df587eb83608a64ea8b390cf07,28592.32
7e1fb0a3ebfb01ffb3a7dae98bf3238d,27349.53
59b22a78efb79a4797979612b885db36,27184.5
d1c281d3ae149232351cd8c8cc885f0d,26942.6
b32be1695eb7ec5f10f72d9610a12527,26874
12b9676b00f60f3b700e83af21824c0e,26774
a3a38f4affed601eb87a97788c949667,26533.32
de23c3b98a88888289c6f5cc1209054a,26399.67
9f505651f4a6abe901a56cdc21508025,26361.82
16090f2ca825584b5a147ab24aa30c86,25716.44
a416b6a846a11724393025641d4edd5e,25670.72
b94cc9f10ddc85e4ba73a6f7974e7101,25346.1
c003204e1ab016dfa150abc119207b24,25108.09
001cca7ae9ae17fb1caed9dfb1094831,25080.03
1900267e848ceeba8fa32d80c1a5f5a8,24982.53
1c68394e931a64f90ea236c5ea590300,24832.75
b1b3948701c5c72445495bd161b83a4c,24699.19
f62d7bb4a613ec758a03342d46b580b2,24665
dc4a0fc896dc34b0d5bfec8438291c80,24180.77
b37c4c02bda3161a7546a4e6d222d5b2,24075
710e3548e02bc1d2831dfc4f1b5b14d4,23979.11
2b3e4a2a3ea8e01938cabda2a3e5cc79,23629.15
1a3df491d1c4f1589fc2b934ada68bf2,23302.7
40db9e9aa57f7bb151bcda6b0f9bdbb7,23168
612170e34b97004b3ba37eae81836b4c,23065.02
897060da8b9a21f655304d50fd935913,23023.92
8444e55c1f13cd5c179851e5ca5ebd00,22873.21
7b0df942f46435babab05d49b744b2c4,22600.63
7ad32824caee82087b3e2e5f33b1bf32,22505.1
744dac408745240a2c2528fb1b6028f3,22490.6
06e5eefc71ec47ae763c5c6f8db7064f,22188.56
f45122a9ab94eb4f3f8953578bc0c560,22078.29
05ff92fedb5be47920fea08e501238b9,21992.78
ff69aa92bb6b1bf9b8b7a51c2ed9cf8b,21940.8
8f2ce03f928b567e3d56181ae20ae952,21712.9
59fb871bf6f4522a87ba567b42dafecf,21708.57
d2374cbcbb3ca4ab1086534108cc3ab7,21223.92
48162d548f5b1b11b9d29d1e01f75a61,20510.14
729f06993dac8e860d4f02d7088ca48a,20485.08
00ee68308b45bc5e2660cd833c3f81cc,20260
bfd27a966d91cfaafdb25d076585f0da,19921
004c9cd9d87a3c30c522c48c4fc07416,19712.71
d650b663c3b5f6fb392b6326366efa9a,19242.9
821fb029fc6e495ca4f08a35d51e53a5,19187.42
f457c46070d02cadd8a68551231220dd,19093
2a5b78b41cd05baeac8df54c6606b92c,19025.36
dc317f341ab0e22f39acbd9dbf9b4a1f,18988.4
96493fab2fbb13a14d0c0e8772eef5c3,18969
44073f8b7e41514de3b7815dd0237f4f,18729.64
cd68562d3f44870c08922d380acae552,18569.7
0dd184061fb0eaa7ca37932c68ab91c5,18446.92
527801b552d0077ffd170872eb49683b,17942.8
a888faf2d1baececa6baf9c3d603ee1f,17765.8
9de4643a8dbde634fe55621059d92273,17560.34
8b321bb669392f5163d04c59e235e066,17535.69
c72de06d72748d1a0dfb2125be43ba63,17522
165fc07beebdcb6190fba8a06db2a449,17481.4
0c8380b62e38e8a1e6adbeba7eb9688c,17348.79
1e8b33f18b4f7598d87f5cbee2282cc2,17309.06
94144541854e298c2d976cb893b81343,17286.28
54a1852d1b8f10312c55e906355666ee,17226.44
abe42c5d03695b4257b5c6cbf4e6784e,17159
41b39e28db005d9731d9d485a83b4c38,17112.55
4a3ccda38b2129705f3fb522db62ca31,17062.59
76d64c4aca3a7baf218bf93ef7fa768d,16911.8
c3acdfac4e3e97ff87529454fbc03642,16788
86ccac0b835037332a596a33b6949ee1,16619.93
8ae520247981aa06bc94abddf5f46d34,16320.99
7aa4334be125fcdd2ba64b3180029f14,16234.81
ef0ace09169ac090589d85746e3e036f,16223.3
fa40cc5b934574b62717c68f3d678b6d,16055.87
1f1bb1f0859883505541bdd6606193e5,16040.84
0adac9fbd9a2b63cccaac4f8756c1ca8,15960.95
4b9750c8ad28220fe6702d4ecb7c898f,15915.3
2a84855fd20af891be03bc5924d2b453,15819.1
229c3efbfb0ea2058de4ccdfbc3d784a,15744
f9244d45189d3a3605499abddeade7d5,15731.43
d921b68bf747894be13a97ae52b0f386,15645.8
6061155addc1e54b4cfb51c1c2a32ad8,15633.4
c33847515fa6305ce6feb1e818569f13,15519.85
85d9eb9ddc5d00ca9336a2219c97bb13,15415.24
213b25e6f54661939f11710a6fddb871,15379.5
e5a38146df062edaf55c38afa99e42dc,15360.07
c847e075301870dd144a116762eaff9a,15348.7
ce248b21cb2adc36282ede306b7660e5,15230.06
79ebd9a61bac3eaf882805ed4ecfa12a,15092.79
75d34ebb1bd0bd7dde40dd507b8169c3,15048.28
e2a1ac9bf33e5549a2a4f834e70df2f8,14999.45
01fdefa7697d26ad920e9e0346d4bd1b,14921.43
1b4c3a6f53068f0b6944d2d005c9fc89,14760.3
a5cba26a62b8b4d0145b68b841e62e7f,14737.84
87b740daf17b5d1be335a64164ec6842,14699.87
4c2b230173bb36f9b240f2b8ac11786e,14592.27
080199a181c46c657dc5aa235411be3b,14504.2
8e6d7754bc7e0f22c96d255ebda59eba,14497.27
cf8ab1616079e2793aa29d524df01bb1,14391
5cf13accae3222c70a9cac40818ae839,14383.2
a6bd7d1ccdac48c6b33b28596b7eb122,14368.61
66922902710d126a0e7d26b0e3805106,14362.3
aba1721a889e04decc910aa13b768ef4,14103.3
f08a5b9dd6767129688d001acafc21e5,14069.63
3b15288545f8928d3e65a8f949a28291,14061.79
c6bda72e4dbf5c5866b13cb1810c6d03,14059.38
2e90cb1677d35cfe24eef47d441b7c87,13894.71
a673821011d0cec28146ea42f5ab767f,13863.69
d94a40fd42351c259927028d163af842,13823.8
05f51e13da97139648b8125c31e5f51b,13769.01
440dd6ab244315c632130ecfb63827b1,13696.9
b8bc237ba3788b23da09c0f1f3a3288c,13685.71
6039e27294dc75811c0d8a39069f52c0,13670.7
1f9ab4708f3056ede07124aad39a2554,13602.73
6d66611d7c44cc30ce351abc49a68421,13593.4
240b9776d844d37535668549a396af32,13592.08
610f72e407cdd7caaa2f8167b0163fd8,13585.16
289cdb325fb7e7f891c38608bf9e0962,13544.95
0b35c634521043bf4b47e21547b99ab5,13533.65
a3e9a2c700480d9bb01fba070ba80a0e,13440.8
d05ae8f7a5bd1d2a690a44cd079e4e27,13436
34d1ca11b242c0fee2c834ae8d788566,13422.24
1ca7077d890b907f89be8c954a02686a,13341.57
8cc6a0e5738e61a87b03c78b2ba9db4b,13312.4
669ae81880e08f269a64487cfb287169,13248.87
5d378b73ab7dd6f0418d743e5dcb0bd1,13243
ad97a199236354e53fcd91a5a913e9a2,13205.9
c31eff8334d6b3047ed34bebd4d62c36,13191.5
e8b3a3a38279a82f0e5d006d5e5b7d2c,13154.7
6edacfd9f9074789dad6d62ba7950b9c,13147.1
99eaacc9e6046db1c82b163c5f84869f,13139.17
9e6229250fedbe05838fef417b74e7fb,13132.2
431af27f296bc6519d890aa5a05fdb11,13109.5
d50d79cb34e38265a8649c383dcffd48,13012.42
530ec6109d11eaaf87999465c6afee01,12983.81
6e386f64c84e482f0b9abf960797ee1b,12938.3
e24fc9fcd865784fb25705606fe3dfe7,12936
039e6ad9dae79614493083e241147386,12925
c60b801f2d52c7f7f91de00870882a75,12913.5
cfb1a033743668a192316f3c6d1d2671,12803.64
ac3508719a1d8f5b7614b798f70af136,12775.84
ed4acab38528488b65a9a9c603ff024a,12759.45
7202e2ba20579a9bd1acb29e61fe71f6,12750.5
2b1a40c1daabc6ca280c4b815c101841,12732.6
c66dccfb3f109511246da627dd5a2498,12708.55
2e1c9f22be269ef4643f826c9e650a52,12687.68
00fc707aaaad2d31347cf883cd2dfe10,12684.9
b372ee768ed69e46ca8cdbd267aa7a38,12630
66e0557ecc2b4dbea057e93f215f68d8,12480
a7f13822ceb966b076af67121f87b063,12477.64
2138ccb85b11a4ec1e37afbd1c8eda1f,12357.03
056b4ada5bbc2c50cc7842547dda6b51,12333.39
d6b1ce66b035a475f00c017792ff9769,12277.4
48436dade18ac8b2bce089ec2a041202,12271.71
c510bc1718f0f2961eaa42a23330681a,12251
fbc14c0cf93505ef89f64665ffa4a7b5,12227.82
c8b0e2b0a7095e5d8219575d5e7e1181,12170.21
70c27847eca8195c983ed7e798c56743,12077.52
ff063b022a9a0aab91bad2c9088760b7,12076.5
e26901d5ab434ce92fd9b5c256820a4e,11990.9
701938c450705b8ae65fc923b70f35c7,11983.28
c4f7fee5b0db50e87766f5a4d1b1b758,11961.83
128639473a139ac0f3e5f5ade55873a5,11908.85
d71d863e5ef30d94e440c11be17dcd8f,11900.9
8b8cfc8305aa441e4239358c9f6f2485,11892
7901646fdd36a55f564ffaf2dbccaaf7,11857.08
09f952a5f58d2285b0372551ae8f9b01,11821.5
adbc26658d6c7b4b6219f9d934598091,11806.4
0be8ff43f22e456b4e0371b2245e4d01,11805.5
72c5da29406b4234927b81855e7b64f6,11798.69
ce7d1888639e6fb06b2749cbfdac1ff7,11793.89
23d7c96d4a1160db1c726b248601b25a,11766.94
d1b65fc7debc3361ea86b5f14c68d2e2,11703.07
bba3293d6f5d5af2f415e004e8b93ae3,11702.1
25e6ffe976bd75618accfe16cefcbd0d,11691.61
c4d51195486dc781531876a7d00453d8,11468.98
80e6699fe29150b372a0c8a1ebf7dcc8,11441.56
b4f8921fcc4ff77b66bea6dda43dcd51,11395.05
cab85505710c7cb9b720bceb52b01cee,11389.1
1d8dbc4f32378d715c717c1c1fc57bae,11315.89
813348c996469b40f2e028d5429d3495,11205.83
6cd68b3ed6d59aaa9fece558ad360c0a,11188.57
5a8e7d5003a1f221f9e1d6e411de7c23,11171.9
ccb83a794700270fde70898fe9ff368b,11062
8d956fec2e4337affcb520f56fd8cbfd,11015.19
6973a06f484aacf400ece213dbf3d946,11011.05
95e03ca3d4146e4011985981aeb959b9,11009.96
7ea5bfa6c340f58f8e71fc1f0412b0d6,11002.89
54965bbe3e4f07ae045b90b0b8541f52,10961.3
82e0a475a88cc9595229d8029273f045,10930.02
dd2bdf855a9172734fbc3744021ae9b9,10816.7
0ea22c1cfbdc755f86b9b54b39c16043,10711.7
ce27a3cc3c8cc1ea79d11e561e9bebb6,10682.65
c9c7905cffc4ef9ff9f113554423e671,10657.18
bd23da7354813347129d751591d1a6e2,10544.3
f3b80352b986ab4d1057a4b724be19d0,10505.1
f262cbc1c910c83959f849465454ddd3,10482.83
c864036feaab8c1659f65ea4faebe1da,10454.2
b499c00f28f4b7069ff6550af8c1348a,10327.13
ea566164622c6b439516ab18062c42cd,10309.42
33a6f4b1e7cdc205511e76ba1b6e0186,10295.01
9d5a9018aee56acb367ba9c3f05d1d6a,10292.31
06532f10282704ef4c69168b914b77be,10220.5
1c5e4e49b9079480255b49d50aac1aa9,10173.11
7b1222c3624aa89b9558b50a2594188c,10103.52
5058e8c1e82653974541e83690655b4a,10022.82
0df3984f9dfb3d49ac6366acbd3bbb85,10021.49
5343d0649eca2a983820bfe93fc4d17e,10000.64
054694fa03fe82cec4b7551487331d74,9983.1
9d4db00d65d7760644ac0c14edb5fd86,9979.7
961dff0a659b4561334372337dd897d9,9946
5882820ef11c4c068eea0677a7a879b4,9925.5
4830e40640734fc1c52cd21127c341d4,9843.47
ef506c96320abeedfb894c34db06f478,9771.43
17ca9b9e9b9ef8fdb529001b49ebb50f,9754.83
7040e82f899a04d1b434b795a43b4617,9738.2
ca3bd7cd9f149df75950150d010fe4a2,9731.85
7b07b3c7487f0ea825fc6df75abd658b,9731.85
01cf7e3d21494c41fb86034f2e714fa1,9729.36
17306570e772e7718c92a562d33f5f1d,9669.8
e96498ed8daaa3e9c23f7a62da76591c,9619.09
31344c16881c08a8a72c6d2eb29918c1,9615.7
e7df4cd29ab5abab70fb0783ddb53987,9608.7
73a63f72308aa20a46f4b1632018f196,9606.8
b2ac621f0d0322434d04a12b078b9369,9575.5
1c129092bf23f28a5930387c980c0dfc,9553.62
36a968b544695394e4e9d7572688598f,9482.87
3db66a856d18a9cba7c9241fc5221c50,9478.3
270297ead4c65a6cd2593960d2af6b21,9422.4
81a1104df0f08b59c68aa5b03cfe398e,9420.88
066a6914e1ebf3ea95a216c73a986b91,9410.38
cb8bcce248bb1fb274ba762d8b971456,9402.2
a00824eb9093d40e589b940ec45c4eb0,9399.97
5b8154610ebb21fb90eb587365e673df,9397.54
3c487ae8f8d7542beff5788e2e0aea83,9385.7
aaed1309374718fdd995ee4c58c9dfcd,9376.95
8b28d096634035667e8263d57ba3368c,9375.7
05feb94f19d094d4b0f9281f0b1d4c99,9353
048c2757535328e0d7dac690ad3c0aae,9264.78
aafe36600ce604f205b86b5084d3d767,9251.4
624f4ece8da4aafb77699233d480f8ef,9205
dd7ddc04e1b6c2c614352b383efe2d36,9178.51
4e7c18b98d84e05cbae3ff0ff03846c2,9177.9
6c12e40690c335dbc2f68a4134d30dc1,9139.2
f80edd2c5aaa505cc4b0a3b219abf4b8,9108.2
8e8a7ce9f2f970dc00e2acf6f6e199f6,9101
0db783cfcd3b73998abc6e10e59a102f,9077.4
06df0c10d34e459d9672bc77388742eb,9070
fffd5413c0700ac820c7069d66d98c89,9062.3
9b013e03b2ab786505a1d3b5c0756754,9027.4
5f2684dab12e59f83bef73ae57724e45,9000.87
403aa86912527d730337ffcb0fb096ab,8959.89
f27e33c6d29b5138fa9967bcd445b6d5,8888.3
32b8764b4ef628b53608fc34011fcc13,8884
d03698c2efd04a549382afa6623e27fb,8865.47
2089a6d640999f9b9141ac719b2af596,8830.82
1da3aeb70d7989d1e6d9b0e887f97c23,8823.52
a49928bcdf77c55c6d6e05e09a9b4ca5,8816.7
562fc2f2c2863ab7e79a9e4388a58a14,8814.2
af4a0e4cfe1d9c26b6712b1be25a72e5,8757.98
18a349e75d307f4b4cc646a691ed4216,8711.53
6d803cb79cc31c41c4c789a75933b3c7,8711.4
6c7d50c24b3ccd2fd83b44d8bb34e073,8699.34
b1a81260566c1bac3114a6d124413f27,8684.69
9596c870880d900012f2e8e6e30d06d7,8606.25
db2956745b3a8e9f3785c99f34b5d25e,8599
259f7b5e6e482c230e5bfaa670b6bb8f,8526.04
93dc87703c046b603023e75222018b45,8517.35
cbd996ad3c1b7dc71fd0e5f5df9087e2,8411.04
b18dc380845b24038cfc48006478f099,8353.3
6c177e38df6d3f34182b1f1d427231bf,8341.89
7d456afc660226829370f3173d14520c,8338.25
fcb5ace8bcc92f75707dc0f01a27d269,8318.63
784ba75dd9d20200c4caed3d7a77141a,8295.13
3078096983cf766a32a06257648502d1,8285.42
26d8a1c7c75d513045798992ead43aa2,8244.12
b92e3c8f9738272ff7c59e111e108d7c,8231.09
4371b634e0efc0e22b09b52907d9d469,8194
397c4d0c005b6f41f90098ac724e28cb,8177
67883baaae6134ee81b271a542613728,8167.9
86bb7c4b535e49a541baf3266b1c95b1,8162.4
fdb9095204a334cd8872252ffec6f2db,8156
52d76513f0c4d97f3b99570e2c94ee31,8153.1
33a17d60c64393351ebf1ef860f4e0f2,8152.48
4bfc7a4a1cf8d4d2121c27422d9e50b5,8124.4
8fb791022c1fc8909664f48ab7dc636d,8119.95
972d0f9cf61b499a4812cf0bfa3ad3c4,8089.29
750303a20e9c56b2a6bc45cdce0b897d,8085
a2e874074c877c5a05abae80ad6e488f,8071.98
6bd69102ab48df500790a8cecfc285c2,8070
5656537e588803a555b8eb41f07a944b,8065.93
7a241947449cc45dbfda4f9d0798d9d0,8027.63
54065e9aef7e9e9c2dc23b7594db021a,8003
b1fc4f64df5a0e8b6913ab38803c57a9,7994.74
903037660cf848a717166eb7a06d616e,7991.51
ebd2d60905fb58271facef5596b620d3,7941.72
bbf9ad41dca6603e614efcdad7aab8c4,7846
989becdce12ebc39863c2bceab6f3ca1,7840.88
725c32fa80c2faacc4fc88450d27314e,7838.88
8476243f92442881ddd5b578975cf115,7838
0432ead42b6c8a0bdf68154add917fdf,7792.1
d51e0a403fe2e689ece6c73359d96e12,7790
2dee2ce60de9709b1a24083217181a1f,7784.5
7008613ea464bad5cb9b83456e1e6a8f,7777
7bac63f6603d382cc8d0832eb6c100a8,7751.95
5b925e1d006e9476d738aa200751b73b,7748.5
6fd52c528dcb38be2eea044946b811f8,7743.02
e5a3438891c0bfdb9394643f95273d8e,7738.35
257e61d3251fb5efb9daadddbc2cf7ca,7729
b410bdd36d5db7a65dcd42b7ead933b8,7726.9
42bde9fef835393bb8a8849cb6b7f245,7703
3bb548e3cb7f70f28e3f11ee9dce0e59,7690.02
058fd0aa2bfdb2274e05e1ae971dabb6,7667.9
08633c14ef2db992c11f840f04fad4cd,7644.3
4e17c65a516f69d023a2ae78b84f28d6,7639.26
52f976b17ea7f2f087f56dcc419328f6,7630
640e21a7d01df7614a3b4923e990d40c,7598.88
4aba391bc3b88717ce08eb11e44937b2,7595.87
6a51fc556dab5f766ced6fbc860bc613,7577.67
8a432f4e5b471f8da497d7dc517666e2,7555
062ce95fa2ad4dfaedfc79260130565f,7521
0bae85eb84b9fb3bd773911e89288d54,7482.21
c26a2be5b53b7db6b276280da212a779,7482
87e24fc7052259b1f7f607d61c10d8be,7473.49
bd0389da23d89b726abf911cccc54596,7472.16
a420f60ff1aa9acc80d0e42959f2b313,7443.3
8648b1e89e9b349e32d3741b30ec737e,7442.55
512d298ac2a96d1931b6bd30aa21f61d,7401.94
e0a366315b1b726b6c7832d664c0f530,7400.09
f25e239052084705e17a982bc600ab2a,7380
381c83fdca332ea6afd896da20bf6e4a,7355.8
b347677812ea483b0f528eaf8cbc09b7,7288.99
febab0275244b9a49a623f0bd613ca2f,7272.42
aced59e9b31ef866a94f9e7f29d8d418,7268.5
e333046ce6517bd8bb510291d44f0130,7268
0873d9f8f36123f8d910f4760e788cfb,7265.59
cee48807215b30a12ca2ca10ffb5f250,7212.23
d624126b9206f595fb3fbb6ba03b28a8,7198.8
ade45994b717ccee333492330fbf037b,7196
dbb9b48c841a0e39e21f98e1a6b2ec3e,7186.85
d13e50eaa47b4cbe9eb81465865d8cfc,7155.05
a4b6b9b992b46e9ef863637af96e04bc,7147
cc63f0dd2acba93ffed4fe9f8e0321fa,7096.71
7722b1df1b0e383e000397b2c11e3e19,7094.09
014c0679dd340a0e338872e7ec85666a,7058
f1fd5ab1181f827ffad998c1a5de7d74,7045.99
dd55f1bb788714a40e7954c3be6df745,7041.76
679769a98cfcc6da877c8486ff1c13f3,7029
ff4ea69c2a729e83e63c7579e4ef8170,7017
6fa9202c10491e472dffd59a3e82b2a3,7014.24
b8630e1121437d41cb08e3c749c2c2e2,6988
d98eec89afa3380e14463da2aabaea72,6968.53
bacb1f0ed56ad24198f5810d2b3fe9a5,6940.45
1da366cade6d8276e7d8beea7af5d4bf,6917.59
30829ded4523ab9224b93bc49a62c95f,6911.71
d9bd94811c3338dceb4181f3dbc0c73e,6911.02
ad781527c93d00d89a11eecd9dcad7c1,6899.57
e3b4998c7a498169dc7bce44e6bb6277,6897.9
1127b7f2594683f2510f1c2c834a486b,6851.33
b3b17aab11f273023a5f22ca52e1eb70,6850
58f1a6197ed863543e0136bdedb3fce2,6833
8e6cc767478edae941d9bd9eb778d77a,6830.58
5b67882648febfb6e1225e6ad7164f6b,6813.48
ececbfcff9804a2d6b40f589df8eef2b,6792.4
33dd941c27854f7625b968cc6195a552,6787.5
40d54b51e962dbe09cabbcfd33298dee,6785.56
63b464dbf392c7b80d12d932fa7cafed,6781
a63bfbaa882c8f4542891b4e2246cc7f,6772
ff1fb4c404b2efe68b03350a8dc24122,6771
aac29b1b99776be73c3049939652091d,6755.91
54219883e72aad869adfb2a54b7bfa0f,6750
3340ef1913fb70d28420f6ceb685c339,6731.15
455c5640e8c5bd1b2ee85c0158f85727,6729.5
80ceebb4ee9b31afb6c6a916a574a1e2,6729
abe021b01ba992245271b9aa422032df,6720
31ae0774c17fabd06ff707cc5bde005f,6719.85
e5e33c0d8e7e002f398f5dc4cbbb338f,6698.7
83e197e95a1bbabc8c75e883ed016c47,6693.69
fa1a9dec3a9940c072684a46728bf1fc,6674
33c51922b6e3c16b24a8f28e5833c99d,6657.87
b4ffb71f0cb1b1c3d63fad021ecf93e1,6656.09
751bdc4d83a466c7206cd42e8f426b03,6648.93
516e7738bd8f735ac19a010ee5450d8d,6643.09
5670f4db5b62c43d542e1b2d56b0cf7c,6630.09
5d0363b33554b373851fc1622e4d5f3c,6610.79
609e1a9a6c2539919b8205cf7c4e6ff0,6595.23
92eb0f42c21942b6552362b9b114707d,6548.63
11305281b50fff20ae8bb473f8e11876,6528.7
282f23a9769b2690c5dda22e316f9941,6505.08
ee27a8f15b1dded4d213a468ba4eb391,6499
4c03b9dd4c11ee2cb35c96c49efc9420,6458.6
34056b8b55c1775a22af2331670a799c,6455.4
6f892e20a171e98efe17fdb971ff319b,6438.7
8a32e327fe2c1b3511609d81aaf9f042,6429.01
7dc8c42cc750eeafea6c85712ffee9bf,6409.68
376a891762bbdecbc02b4b6adec3fdda,6406.23
dbdd0ec73a4817971d962698f2fea022,6384
4b5f66b7adcf57f1ecc0d3c07dd6b177,6381.78
02f623a8eb246f3c5f7c2f96462654e6,6378
57e632711dec9ec14ca7546769483e7e,6350.06
670c26e0f1bf8d0576271d5cfaec6d2b,6341.6
f4c4daa86e30c7e5a553a8d518ac03a5,6301.91
dee656f0f566ed1aa85bd137c943f08f,6271.98
bd4889b5e9133b35b66e42a8665cea5c,6271.9
6b243f80ed07b10f0e8aa0f21a205f3c,6260.1
2fdde51ad3e12f297da656d4fbd5d0b5,6252
ea67327e24487bdfac5fbfa37ea124df,6250.18
2528744c5ef5d955adc318720a94d2e7,6245
f12ff17ad8bbf01ec5c33b17e506649b,6241
eb3071b9f0b0ddaa2df5ea130f09f26b,6230
b19f3ca2ea475913750f25a5c37c8d8f,6202.91
cfa5ab0e4d3fc212fd0b3410e7081c62,6180.8
9baf5cb77970f539089d09a38bcec5c3,6129.67
dfc5fb7259bb2b599ca565e6e9448f0f,6124.63
ba143b05f0110f0dc71ad71b4466ce92,6110.58
2c9e548be18521d1c43cde1c582c6de8,6109.44
d6b664fa0667064c6d76394e7848d790,6080
6a8b085f816a1f75f92dbac6eb545f8f,6018.97
bba74270a87732727b5a3b4fd9ac1c39,6001.59
37515688008a7a40ac93e3b2e4ab203f,5986.6
688756f717c462a206ad854c5027a64a,5966.54
f84a00e60c73a49e7e851c9bdca3a5bb,5949.94
91f848e9f4be368f4318775aac733370,5932.6
b14db04aa7881970e83ffa9426897925,5898.6
0691148aee60ca47977c187804f935ae,5868.51
f46490624488d3ff7ce78613913a7711,5802.85
02d35243ea2e497335cd0f076b45675d,5794
e8b4225284fbb02d16f200513f1f395d,5788.52
0bf0150d5b9d60d9cd2906003332f085,5774.6
05d2173d43ea568aa0540eba70d2ca76,5759.66
3ade81dab5a172b88e1871c28ae05260,5751.6
b4a476fbd28de64b1e347abf9089366a,5724.04
080102cd0a76b09e0dcf55fcacc60e05,5716.78
9616352088dcf83a7c06637f4ebf1c80,5703
94e93ce877be27a515118dbfd2c2be41,5674.57
e2aee0892199b1d92530e371abd825bf,5662.57
52ac6f920b7280e4c6d30dd94de6259b,5657.3
8c16d1f32a54d92897cc437244442e1b,5642.6
67bf6941ba2f1fa1d02c375766bc3e53,5610
d63c73efd41eb002280e7ec831424edb,5598
45ba18c210d42734ec52c0c1c574e9ee,5589.13
817245bcc3badd82bbd222e0366951a6,5580.5
f181738b150df1f37cb0bd72e705b193,5529.7
04aa0a1c5ce6b222003403a3e11c3cc0,5518
916c9de0b5ad957346eeeb12f332687e,5480.25
cc3d14116804f7209f3884f6367f1152,5477.8
4917cee8d902e13428c3ec4b1ca6f315,5421.9
575df70bde3f9f2b30bf8d2e9910d725,5410.05
3f0e48d209018b466fcd3bb4ccfeb520,5399
c4af86330efa7a2620772227d2d670c9,5396
23c38debaffe4a25a30fdbd9b586a13f,5382.18
3be634553519fb6536a03e1358e9fdc7,5370.95
b6d44737c043328708f6749c2dbe50bd,5369.6
83deb69e889cf80f82be1dc6d5f2d486,5363.01
2a261b5b644fa05f4f2700eb93544f2c,5355
e62b2d6ac10570a035a30bafcf01d263,5340.39
0cbcee27c791afa0cdcb08587a2013a8,5324.15
c35affa65afd250151285c5917fc1c8a,5279.91
e06f09ec0a4aca210779cf1cfc63cf19,5279.49
02ecc2a19303f05e59ce133fd923fff7,5264.19
e9c6969d40e6a3d2d0f90013165c2b98,5239.98
5bffbafbb22daf6d3bfc216a46db8708,5239.7
4d0041cdbe51b4617d95c70b19decc74,5235.2
099095b050cfe8eb1ddff5317587e96e,5193.83
b39d7fe263ef469605dbb32608aee0af,5193.1
f67efa3f0b6761102a7f8c6b7b571f5d,5188.68
f680f85bee2d253556ac91be391d2c82,5183.92
5b179e9e8cc7ab6fd113a46ca584da81,5173.5
822bad9bc42b51213ba522fe87b7ab5d,5160
709e16e2b25c7474d980076c6bfc4806,5151.9
d566c37fa119d5e66c4e9052e83ee4ea,5145.7
afe0067131b73e40875c9b6c10bd2e21,5130.4
835f0f7810c76831d6c7d24c7a646d4d,5130
fad44952713764836814be105382aee5,5129
f84fa566034f5e8e880a07ec624c56af,5093.79
f7496d659ca9fdaf323c0aae84176632,5087.57
9674754b5a0cb32b638cec001178f799,5069.92
e0878efa0e0b7e5313ac0b43bc04c081,5065.3
e067ad2c1c0b48758eb1b5228bcf7a68,5042.55
3df020b72d3d44b3af9d110fa3940b65,5039.9
3ab971ce71839580d2ae5b4e40fe8044,5002.9
1bb2bdb95f4841f1bba2c0d2cd83d3c9,5002.71
4bf2f4ee540798a61f9636d12cd9cc80,4995.56
45213867cefbf2cd4c6177e10216a951,4955.42
dbd66278cbfe1aa1000f90a217ca4695,4928.9
e9d99831abad74458942f21e16f33f92,4922.48
9df5750209b83567ec144eb299d7d634,4917
503c1de08ae81a2d86f17951b204db55,4906.99
822b63912576852aea9a8436d72317b7,4905.69
d66c305afaec317ebee552073a674429,4886.46
abcd2cb37d46c2c8fb1bf071c859fc5b,4880.22
f789d2c4f2c2eb38fc4373e7a4b35264,4864.24
0d85bbda9889ce1f7e63778d24f346eb,4845.2
45d33f715e24d15a6ccf5c17b3a23e3c,4838.23
1336efc61c316ddf92c899eb817f7cae,4837.31
9add47bf45ce8e8c7db6b9cf670b1e09,4829.24
4c498c7345e89aebad651544829beca0,4819.76
ce69a8021d18961dd2a40269b7c2c293,4818
8f580d36c1e9d6fbce95283403c7d447,4813.25
c12b92bf1c350f3e6bf88d3596219c86,4808.78
f6122bc84774df1b372bdb3bb88ddb9f,4799.87
2a7dc43cecabf23403078e2188437d1d,4795.91
fcdd820084f17e9982427971e4e9d47f,4783.99
dfa0c4c6229ab200a4a1336b4d7128ff,4777.1
7e3f87d16fb353f408d467e74fbd8014,4754.99
b2479f944e1b90cf8a5de1bbfde284d6,4752.51
acce39e832338debb07b02385cde5967,4748.1
0176f73cc1195f367f7b32db1e5b3aa8,4733.1
30a2f535bb48308f991d0b9ad4a8c4bb,4731.3
0307f7565ff85b299b6e5ef162b1b1a9,4728.8
06579cb253ecd5a3a12a9e6eb6bf8f47,4727.2
ad420dd0c4f92f8af951ac24b86d0cf5,4705.29
582d4f8675b945722eda7c0cb61ba4c7,4702.96
c004e5ea15737026cecaee0447e00b75,4700
c9a06ece156bb057372c68718ec8909b,4688.9
537eb890efff034a88679788b647c564,4679.7
968268a686aa05d1f529fb07dff08130,4677.29
8931a84a914b3fe9b1ddaa4d704947ca,4668.3
1a932caad4f9d804097d7f8e615baed1,4661
ef990a83bbea832f36ebe81376335aa8,4642.59
a3dd39f583bc80bd8c5901c95878921e,4607.81
31da954dc0855f2495c6310f70a2f931,4583
2addf05f476d0637864454e93ba673d5,4552
c68fb906c8f4b4b946d8386bfa6e5467,4541.16
834f8533b2ecb6598dd004ff3de7203a,4538.29
1fe5540d7c1c37a595fefbacd5570d9e,4537.6
37dd29b36c458d82f74a953c40c43645,4536.99
13fa2a6c6b9d0f43cb588d7c82117a12,4528
c840d3fdbba0790404fdae73d253b253,4522.28
180c3376aff0e43dd5788709df48a843,4513
6288c69c4ce638e59925e59193f98b16,4506.28
b561927807645834b59ef0d16ba55a24,4501.99
fc906263ca5083d09dce42fe02247800,4497.7
55d3daac7c404d59e51c2aa2f4dc5a23,4480.6
2ff97219cb8622eaf3cd89b7d9c09824,4476.9
e81e1f9c3e762e620f3fb60a51499e16,4465.99
4d600e08ecbe08258c79e536c5a42fee,4465.34
bbad7e518d7af88a0897397ffdca1979,4462.22
8bd0f31cf0a614c658f6763bd02dea69,4455.34
b90e891671cffd9557f33a97dc523645,4449
2e3be8a987a30d7544dbbda6861cc14e,4430.84
d379f449f2a3b271bc01c0782020f705,4423.06
0ef83d7d83ed97cd2a0049ac8be5f88a,4421.01
f021c962aaba8ef6eb527a9c2c8394d1,4398.5
beadbee30901a7f61d031b6b686095ad,4373.98
15aac934c58d886785ac1b17953ea898,4353.9
eed78ac17f7f795a19a709745f00cd4e,4349.5
a3f0b55de503387383c7b1de3ad7f678,4348.4
c500367424994318b9e779ff1ae9a330,4346.4
65febd49fd28ec955651299159b1f527,4319.7
23613d49c3ac2bd302259e55c06c050c,4293
9803a40e82e45418ab7fb84091af5231,4278.75
282c7480173bb9c01dd41cc739fec010,4274.2
cc5a78bbad32776dc4e3af205218368c,4269.18
1fdc574883ef3b33ad41562d93f3a74a,4251
43f8c9950d11ecd03a0304a49e010da6,4249.59
9b1585752613ec342d03bbab9997ec48,4248.98
6ec1a01e866584bb679eb9b098345919,4248.91
3c03b12bab54d8b37d79d914bfdb1aa0,4236.34
98dac6635aee4995d501a3972e047414,4235.85
8b9d6eec4a7eb7d0f9d579ce0b38324d,4232.54
8a130737016f838139d31878787a39c9,4222.03
6b3bd31ad8fcda4b2635ec9f3ff2ecdf,4198.9
8bb48dc19fccaa8613b6229bf7f452a2,4190.72
891071be6ba827b591264c90c2ae8a63,4177.28
cac4c8e7b1ca6252d8f20b2fc1a2e4af,4168.18
5c030029b5916fed0986310385ec9009,4164.4
bccf933e006e9b94a6184af782963e77,4162.74
f76a3b1349b6df1ee875d1f3fa4340f0,4160.79
cd6efc47efaabf134f8bdb654e10b4f1,4158.55
6fc26fe110feebd80a433e1f012a84f9,4150.87
d20b021d3efdf267a402c402a48ea64b,4140.17
681fce914360217db47784ae28905a96,4127.33
42b729f859728f5079499127a9c2ef37,4118.86
e883aa812c37a7413226856f4579fe91,4097.1
2a167ca73899c85001a837d8fb4962f6,4097
382229d1e840115ffe3dbf5ff460e417,4096.96
951e8cef368f09bb3f3d03c00ca4702c,4092.29
99002261c568a84cce14d43fcffb43ea,4088
b17b679f4f5ce2e03ce6968c62648246,4084.75
2199e7fe213c16213bf5d6a7eadc9a5d,4078.29
ec8879960bd2221d5c32f8e12f7da711,4062.4
d5ba419e26d246a0719437cf37d9b46d,4061.4
f35b3c613c4f7b2275f4185d0a3c59ec,4047.25
a0415d9b25ede3c4b1e477e9916ffc03,4044.1
715bbd5ba4e6b74cb0d2f29eb45058b0,4043.3
3c7c4a49ec3c6550809089c6a2ca9370,4033.64
e70053bf73d1b5863932e53a9fa47496,4025
55a5b51f93f2b70ea513f5a047b0262a,4002.3
cb41bfbcbda0aea354a834ab222f9a59,4002
6b333a05bf188ef3e1f1662a86bd9855,3990.91
1b938a7ec6ac5061a66a3766e0e75f90,3987.6
bede56095ba33c42038fb85f707b8a42,3973.9
50c9975695009e5e6473912e83a6d1da,3964.4
bf3c6d2a28b2b5501e6c15448982dcc9,3956.5
3f995f07c49d0d55a99d5c54957f7d81,3955.7
81f89e42267213cb94da7ddc301651da,3955
d12c926d74ceff0a90a21184466ce161,3944.18
11bfa66332777660bd0640ee84d47006,3925.87
fde0cc9ea29c8ccfc0a2c22256a58c71,3922
232a6014e7b10cba61c6c2b2ea6bb4b0,3919.87
7f152321c60a266edc53af1925ef96c1,3919.8
d673a59aac7a70d8b01e6902bf090a11,3908.94
79ed755314cfe6df0daef2c6cd3022cd,3907.5
3361277dc30b7cccdb0c286b24219756,3905.05
f00e21b1e91a79653163b7fd8f293ff1,3900.09
271c58a1d139c45eaf3316107c6d3a3b,3897.52
6a0cbc8af2e8abd1bdfb777943d174c6,3894.05
14d7985702e72162bbf13b6beb74ab2b,3887
02f5837340d7eb4f653d676c7256523a,3883.05
8090490573c6c0aa343a7231ebcb8c86,3871.12
42fa4ee7240e9b8eb4576358ec142ba7,3845.7
7d76b645482be4a332374e8223836592,3843.93
8ed8ea9a57c862f2c18c2fe41f601d56,3831.9
13d058e4eeac2ce8217660b2f8a05812,3829.77
3f3486b61f45078d4f31ee5e43d8c5bb,3829.73
6860153b69cc696d5dcfe1cdaaafcf62,3827.63
f0b47fbbc6dee9aafe415a6e33051b3f,3795.91
2e13c71026e1a39ba5cc1b86dcb679aa,3793
38874e327ce94d11390b96eb42d61928,3779.94
5d9dc90a686a8fddacffab6bab5653a3,3761.94
edf96ef93ed595084bbcbd9224bd2894,3757
2d2c62bef4c8ba0dd74e0e228e808539,3749
1d0997ff06b524ce9289ffd75114ecd3,3747
3c4e0452bff7a2a788179488d3d77032,3746.4
eb4df17aed01d918c65f0f8d650900c0,3739.87
602044f2c16190c2c6e45eb35c2e21cb,3739.16
0509040ea3fe50071181bbc359eb7738,3737.95
77e4abfd739aed9c46480f90f81c0eb4,3736.99
8f119a0aee85c0c8fc534629734e94fd,3733.68
66dc1b1632bd6a3e508510c5b3492107,3721.39
23a0ffca143a15b9b5bbdb7d552f626a,3718.51
822166ed1e47908f7cfb49946d03c726,3714.83
ec80e49e69745ab6c14f984bf2149423,3709
99a54764c341d5dc80b4a8fac4eba3fb,3708.76
a44fb5a447105f8469bdf16bf9159f25,3706.1
f3da5b2ff499efb8d4a6d371d175d7dd,3702.29
520b493b57809f446cb0a233bb3e25c7,3698.9
c0563dd588b775f2e37747ef6ad6c92c,3697.2
4559697a8f7e637227c2eeaed843baff,3696
38e679b9e0064cd94c6f035707344dae,3694.51
5f5b43b2bffa8656e4bc6efeb13cc649,3677.2
b1fecf4da1fa2689bccffa0121953643,3669.64
2745f798279e0ed033addcc1474776d7,3668.53
c731d18cea9bf687ffee82a241c25b11,3662
df560393f3a51e74553ab94004ba5c87,3661.18
33ac3e28642ab8bda860a2f693000e78,3661.03
8b2492b7ff4468839593fafeed55bad9,3660.08
56642bcb79900e777d68e91915cb4267,3657.64
7f2617c58d5d06806987308b45654351,3656.8
5d3bb11474a06bdc23fb9e89f1164ee0,3654.6
e49c26c3edfa46d227d5121a6b6e4d37,3654.25
f97e2b0650c2068227e1d366140eb62f,3654
6bb0724edf0b62fb91ac404873a97241,3653
406822777a0b9eb5c50e442dd4cd3ec5,3648.08
ed4311e67debd72b8610a5347a743087,3636
1eade46fba20122dc4aefb379f8c636b,3635.37
96804ea39d96eb908e7c3afdb671bb9e,3610.7
21e83881401b92b49fb09a16d3852291,3588.05
3364a91ec4d56c98e44174de954b94f6,3579.94
3c010235b7345c92f125d14ee232a76b,3578
3d8fa2f5b647373c8620330c4e077a9f,3571.73
f2336e113377dd21c744d9c4fc8293a9,3563
218f991754f360af9c2daa5e0b8e990c,3554.32
585175ec331ea177fa47199e39a6170a,3549
71039d19d4303bf9054d69e9a9236699,3537.2
276677b5d08786d5dce7c2149dcce48b,3522
6750d71153f00fc58829af2a8ef1bcf1,3514
e7d5b006eb624f13074497221eb37807,3478.93
244b04680fdbded0acf5aebd9c92b44a,3477.7
8ff38bc3969e67c36c48343a07090f66,3472
ed46f1eb4a638113deb2a1137b5f22e9,3470
bce6a5ecf98e99fd2a8868b15c51f04b,3464.9
f0837c8d71434931d9e38e7b79234797,3446.9
994f04b3718c2bab35c2adfa8afecd2a,3445.7
1b8356dabde1d35e17cef975c3f82730,3426.39
c394e193cda3b4225ff2094d32184849,3419.88
4677a5437afda5fa7140b927b07be1cc,3415.7
f4db9b37944bcb8873e6b456ee190bbf,3409.78
827f8f69dfa529c561901c4f2e0f332f,3408.39
070d165398b553f3b4b851c216b8a358,3393.16
cfd7ddab722b902f7ac5b5f3ba6d723d,3385.03
960945e1a9535cbc0cd6ddd35fbe7ae8,3381.73
2d50d6282f8aa2257819a77bfaa0efe0,3353.48
db4350fd57ae30082dec7acbaacc17f9,3331.31
6481e96574816ead57975da2c0f6d80d,3324.9
6b90f847357d8981edd79a1eb1bf0acb,3322.08
8c3b533c63cca56240f94f1e3a6b18ef,3312.16
a2b5b6105ea5942300631d2e76f4ffe0,3286.69
54c04bdb5ec46762f8f08c7e8f86ed4a,3281.66
5b51032eddd242adc84c38acab88f23d,3280
643214e62b870443ccbe55ab29a4dccf,3270.13
52562a9f449c3dc3d53f5f5b9ed74903,3266.6
aeb36d67f1414f234d42a29e27cf1f17,3263.8
594f9aaa48e5bf431f011ddc5669b0d5,3248.8
a938325a4b357fd23a6a4d5bb126408e,3231
c64a2aec32cc408a8a4c6d7c46017f91,3221.5
afa6714acee029b2dfdf357e5579cc03,3220.76
95f83f51203c626648c875dd41874c7f,3217.46
4c18691b6037662be2df78a765d98ab5,3195.52
bb7a14e229b1c95156719c3d9552eeee,3190.1
d57e18d5f73c7ccb7f7339b61166898d,3187.7
e48b04bf1aa1ef711caebeb7aede6180,3187.1
e89c4adbe7b1d0819dbb636e16461cf1,3181.3
5c6d4016c2a288f074fa0848a2b653d2,3159
870d0118f7a9d85960f29ad89d5d989a,3157.2
c8b3445d737de6befde0c88ede534a5e,3149.04
5bc24d989e71e93c33e50a7782431b0e,3148
f326006815956455b2859abd58fe7e39,3147.16
3cfa1358a6caa965278721344c8d76f2,3140.28
b1ac6ea7895bc3dd6f0f6f4abbdd2821,3139
238fac594e170b59c6d228f5a4f4f1d9,3126
430315b7bb4b6e4b3c978f9dfa9b0558,3118.4
3bdff180c7e1f6551a643b99c265a120,3114.9
5b35136197710e16ac5e7b7c2bd4ea85,3104.2
08cdbae123ff67ca4e36d9d641ce0119,3098.99
f61c63d13f7cd800549d5acdd390ae72,3072.3
bd697db56ff8e7c9cd1abeb7f72029b2,3069.78
aae3bfea055532c57fb453ed3ec80b30,3057.92
612a743d294c27884fb7b80d2b19ba35,3057.7
d9e8c084b68fe958861d8f2c21202e6b,3050
b8555308bfdb4ca1ed54325a58da9a97,3047.2
0ebd97a106433a45a4aebe57c1799778,3046.8
9646c3513289980f17226a2fc4720dbd,3039.3
4da0e408c99d2fdc2126dc9fce518060,3026
d17f467e4bf608a510c20d82f4ba3b6b,3021.66
4c8545742faaf58fafd5fd14d25d75cf,3020
55f7a3319d80f7fdf078b8f03e6725fe,3013.78
f4aba7c0bca51484c30ab7bdc34bcdd1,3009.79
49e7217cfe4e427191c378ec626d8737,3002.7
c9aafcd0621b2207c10e32c649cada4d,2997.25
5bc55dbe2f12b6af6d83ed46023e0dc8,2992.1
8cbac7e12637ed9cffa18c7875207478,2990.98
0c7533c71df861ec58ad7ff999ed0e8d,2989.3
974cf2cb8f4b7add98709c30df02fe10,2982.67
2156f2671501a81034d7d07f217609d0,2981.5
fce62094ffe6a4009188ec44e681dfdd,2969.7
432c37c9dfba871172ec162e20118b8c,2968.87
b494891378bd8f4560abe576c52deacd,2958.9
e908c0f3646e8b60375734a350d95d71,2951
dd58ee93286b0821565574c570e9e1dc,2948
1996942dc085d7773ba77a529b163cd0,2943.51
60562ab00b8054280520d390c8c0045c,2943
cb5df0dcb9e280b1780e9d589889f2c7,2934.72
be9a160a9011f627c3e121d076c1ec7b,2934
f44b6f775a2b390380e0e30b5c9d3eee,2930
606ce7768feac12c5e8bd58db8b08f0f,2916.6
a6fe7de3d16f6149ffe280349a8535a0,2904.8
b1204cfda1d4948679db3cfc0d3cb95c,2903.7
20d83f3ef0e6925fd74bfd59170babf7,2903.6
d3dcf0604eabf0224fbd5948b5e02f69,2902.3
4305fe92735c8a43d154ff6dd2b8d927,2885.9
1771297ac436903d1dd6b0e9279aa505,2881.27
cb3dd9ce66268c7a3ca7241ac70ab58c,2879.76
1987cd4be10fe09ee50454f9c354d1c6,2877.7
b335c59ab742f751a85db9c411a86739,2873.34
4342d4b2ba6b161468c63a7e7cfce593,2867.1
977f9f63dd360c2a32ece2f93ad6d306,2858.87
2a1348e9addc1af5aaa619b1a3679d6b,2843
fec6275253471ace26d209bbaa64cd0f,2840
491a5ada3aa1678414e990262c4bbdc1,2840
d32e3909cfb714fb2a6cb092c85b9c5f,2827.9
730937bf88cb151eb2eb849f642fc213,2821.2
1838dd9b8977065acf51d95e0053ea7a,2820.3
dd533b429f380718b70ad9922c294bae,2819.77
f593898ec748b7a8cb81fc04edafd98a,2813.04
5f1dc28029d2c244352a68107ec2b542,2807.3
3fd1e727ba94cfe122d165e176ce7967,2805.2
820cc752a266cdc6c1a1e61dd4583330,2802.8
df56d7b40d437f88407c5f78b63bc328,2791.28
f7ccf836d21b2fb1de37564105216cc1,2787.4
62c50c1af4dfdc4149d25c5222043d39,2785.72
ae7ab174effdead6c241e547e4ca13f0,2778.6
a17f621c590ea0fab3d5d883e1630ec6,2778.58
8d79c8a04e42d722a75097ce5cbcf2ef,2777.72
f125f3a310c2e5f822d116147de1e474,2761.4
8f54d64f28a993550aa7943f12572959,2755.5
a1474fd46fd3430168f7ec202da39408,2752.5
1444c08e64d55fb3c25f0f09c07ffcf2,2749
052577151711aec5c744fe12e66db3e1,2748
f805b96fa705ba7995a221f1749dc141,2744.44
3b872fd4747f01cc56206f2934198618,2726.74
5cbbd5a299cab112b7bf23862255e43e,2726.06
458d868c9642f55f18f04e951a3fdde6,2718
33576ec5412fb5905d876f12f33bfde6,2718
78744a20ee2f80ba64f6804c25def2b8,2715
fe26f3ecb51a15e6d8335cd92da42562,2708.96
d93844a9c55ba7ce353388bcf849ea56,2708.5
51702dc2a3e106c76dbff722b5bf0726,2705.1
e99e927c81e3f51739c94fcdfca9f10f,2702.83
31561f325664a8a7aba4c8d0c3a9b3db,2702.19
82bd0703a4aefd6b599e5bfdaed378fb,2692.28
850913d59ce317156b00f3705f1c3edb,2690
0015a82c2db000af6aaaf3ae2ecb0532,2685
ffa6adafb71b807dc13159e26431354c,2669.9
d93919c944be9cff128f6c9cb899eacb,2666.7
9c068d10aca38e85c50202e17b4a7e88,2658.9
d25aa0aaacb370e912f8cf6efeba38b3,2658.45
6f229cc508fc6915ed5c499efd93baa4,2654.8
0885aaf116795758dfeb5f1032487bcd,2648
4e8dacf3d38f281ae26c3e0321d92d88,2644.95
bc302730ea8cf49b5c74f579febb5bbf,2640.9
f1b93673502375d491780bb49d615dbc,2638.93
1b7e5006cb25dd23ce8686691013b121,2636.74
ccf8813e5a7d6c84d865cd38bfc2b130,2635.5
ea6b12bf9ffe2bac34602ec631d97a47,2625.8
9906e7aa42a3c067b7c9a564d01c4320,2619
8ab42aa58097fd4668d60cc648225d5f,2616.75
a369d693961cb93b61ca2cc518872a85,2597
fdaaf5bfda82b7b80535610c831b8d09,2588.9
cd06602b43d8800bd0afad514919d35c,2588.07
244c2f1bff6afe1f2eaf9bfe9b2aed38,2580
04aba03279157f6d4e0fe8ccaf21963c,2575.9
2c4c47cb51acd5ea5db5e0ae0e26542a,2575.9
b76dba6c951ab00dc4edf0a1aa88037e,2574.78
41ab63a91b8b264e8c8780368bf1dd5b,2571.95
1ce3ae5a399804d1a87e706f8a813c3e,2563
f1c1ac3f3efc07e659c035008e615e66,2561.96
323ce52b5b81df2cd804b017b7f09aa7,2554.2
157c3e4b42f81ac4a44e8b1ca2fe9876,2548.5
bb5bd94c8f59cc050072d2930c869cac,2543.87
fe49ee029e61e789a1f3a5525f57ba8d,2527.59
cce6ab8d1682639fe45ab70234f1665f,2522.7
47efca563408aae19bb7206c2d969ea9,2522
ede0c03645598cdfc63ca8237acbe73d,2518.37
318f287a62ab7ac10b703ac37435a231,2517.48
3d39fbf22a665714baf62fae36029e23,2504.2
de0c78824586e9a5f5f04fd84e25df39,2489.3
cea729054f157f5870bdd321a958d994,2482.1
6989574bd97d9773f10d232b6c07da59,2478.4
5eeb9c756d9780b96283e5a2ac6da334,2471
c2d70ce2c5d0a2eb75e78668236e6dc8,2470.9
3a734b715d333a2588a3d54a0c9b8746,2463.52
1c40343cc5d18c2d8248ac2f3366de34,2461.41
fa74b2f3287d296e9fbd2cc80f2d1cf1,2459.89
a08692680c77d30a0b4280da5df01c5a,2433
5160d23075764e18e07c1f4a87fad743,2429
efcd8d2104f1a05d028af7bad20d974b,2424.78
ed859002ad59dbf8cf3602696a6c3000,2421.7
4b0fdb526525f9890eb145bf1534640e,2419
888faa8bfb0b159c37de6d898b961c31,2418.3
d06d019f72a04e5497a0b64190af170c,2415.93
d3f39f05462b79a4562d35893a28f159,2411.3
1354d51653f645349064725ed204e85e,2410
76833248bbc0e65a0293ec62023e4396,2399.98
0bb738e4d789e63e2267697c42d35a2d,2388.3
6bbcb8924baf70b7fe2fe2097e8cd407,2382.5
acadd4d36859671cb635527c6c977533,2381
cfe94489ddd337d1e29e12f2a7205d10,2376
8a87611c08849ffeeccab52aa798b6c7,2369.8
120476eb7a04c149d14772edaf5d9bf2,2368.8
f615fe7efbef0f4f08fd3086bc7a3e60,2359.27
4978a02ea9c8be7a9b5480680f40334e,2356.61
8603f0038fe0e52fedd3382d266723de,2355
3504c0cb71d7fa48d967e0e4c94d59d9,2349.94
4391ea5c5990502176a1dcda44a2373d,2349
5a93f3ab0ef4c84ed5e1b5dbf23978bc,2338.25
34f563c82a85b99ae9e6d60db5fc2e28,2332.3
8bdd8e3fd58bafa48af76b2c5fd71974,2324.82
1d4587203296c8f4ad134dc286fa6db0,2323.3
df91910b6a03bb2e3358fa6a35e32f6f,2312.1
daeb5653dd96c1b11860f72209795012,2305.9
fd386aa7bed2af3c7035c65506c9b4a3,2304.15
6338ea67c41078a46ad99cc009654956,2286.09
9a84ba99f5367fdbd4598363496f1ea2,2284.98
7238a95bb63ef7e498389fb863b834a1,2265.7
e8f6dc8e6a1dcde89d20e3995c8d90b3,2256.34
8fe8786ee000001ab51d030dfd4a7bf1,2255
655220df33262c7e0c4949a147366f94,2245
7b8e8ec35bad4b0ef7e3963650b0a87b,2244.28
1b1ae47a313a825a7ccceb8e2e30fa9d,2243.9
3e8bd881d92466e63ba9e3e809cd3c50,2242.28
5abb8ea023c77787f2c15da891c8d384,2241
54583ab379489add547fe47b628db589,2240
e5f9e61ceb5f523cc966e0f34095032f,2238
cac876b37d3abcd6bd76caca30277996,2229.77
b83cedfb587e7911540e3f576d6917ce,2224.95
b74d1c09cb380e1d03a6f859c6f4224b,2221.6
fb89df7f89fd1b8f03fa2acca1ba7364,2220
3a4127e1ba7208ea37044c5092aae170,2219.6
747e73c01a4593d4cf60dcf970fd2689,2217.99
77a515caa36327151d1cc6c32a9f00e1,2217.39
abbf6046bbdf1028606a5bc7f00c99e7,2217.15
f214d28e8d8e3ef068748498ccc2f813,2212.41
4992e76a42cb3aad7a7047e0d3d7e729,2211.1
e5475dcab1e07b63d7f6e902d8f5eda8,2192
91f0eec23d4a61d7d7caeefa3f0ad1ca,2190.8
0725b8c0f3f906e58f70cbe76b7c748c,2190.3
14a08204d03bb6b6bde8029f801ae0eb,2185.4
30c7f28fd3a5897b2c82d152bb760c17,2178.27
8ca1551acf9832a4cf467bbbac15851f,2176.4
53d00c40e32aeb924a84ce72b1af869d,2165.85
2be17df1c49978426251562096c3cc09,2165
0ffa40d54288e4f3499b8780dd0f144f,2162.8
7fc87cc3e89b3d1d5cabdca32f8485aa,2153.9
72bc2cce903c872fe376a8faaa81d237,2149.2
b56906f7fd1696e043f1bcce164c487b,2148.49
373ee4a3a775a733770ca3f790b8b9ac,2141.49
0ed6ce5d87fd9c69eaacaeb778d67235,2141.42
723cd880edaacdb998898b67c8f9da30,2136.53
f5f2ab9bdb6b30c14c61be68c5ed37da,2134.68
87d30a6a0cbf89356e49324971ab1d24,2134.13
9bcdfa7b615b3abb9461d9e3ad9886ae,2126.07
13074f016982ff2bd6c58ced8682f000,2116
8f78f0903005064036736c7173a5c2ed,2113.7
cf2384dd2f1dddea3f838efed0945e65,2101.5
ffdd9f82b9a447f6f8d4b91554cc7dd3,2101.2
e9511df20ccd82658a30c37b7fb343af,2096.6
3bfba5a77604f6dfae7e6dd7aaf65821,2095.5
7f7b8245c336066a1f9933c359f11d77,2094.36
8de8fe3af4449ed695d2434c933ed73e,2090
165b1235e9e9942cb5fae67103576fb0,2085.15
f7720c4fa8e3aba4546301ab80ea1f1b,2083.45
e6a69c4a27dfdd98ffe5aa757ad744bc,2076.2
6aa3928696eab49a19a466e665a649fd,2075
082e0bf4cb865a6533b1e8e498cc0255,2073.3
